,PAREJA,Nombre y Apellido,Nombre y Apellido,"Jimena
Hoffner",Silvina Valz,"Gaston
Torelli","Martin
Ojeda",Laura Melo,"Graciela
Gonzalez","Aoniken
Quiroga","Paola
Tachetti","Facundo de
la Cruz",Stella Baez,"Agustin
Agnez","Magdalena
Gutierrez",Lucas Paez,"Roberto
Zuccarino",Analia Vega,"Dante
Sanchez",Carlos Stasi,"Mariana
Dragone","Monica
Matera",Noelia Barsi,PROMEDIO
1,67,Dmitrii Liferov,Dana Son,,,,,,8.000,7.850,7.300,8.000,7.850,,,,,,7.300,8.000,8.000,8.000,7.900,7.820
2,466,Ariel Taritolay,Laura Casco Zorzón,,,,,,7.600,7.300,7.300,7.650,7.550,,,,,,7.300,7.700,8.000,7.900,8.000,7.630
3,438,Leonardo Salvador Guerra,Noelia Romina Andino,,,,,,8.000,7.400,7.900,6.800,7.450,,,,,,7.400,7.800,7.500,8.000,7.900,7.615
4,24,Ramiro Nicolas Almiron,Lali Torres,,,,,,7.900,7.550,7.400,7.800,7.600,,,,,,7.450,7.550,7.200,7.550,7.900,7.590
5,8,Erik Deslarmes,Nadia Aguilar,,,,,,7.900,7.300,7.150,8.000,7.400,,,,,,7.850,7.600,7.300,7.600,7.800,7.590
6,487,Juan Pablo Valdebenito,Rosario Belén Gimenez,,,,,,7.950,7.150,7.300,7.300,7.350,,,,,,7.850,7.450,7.500,7.950,7.800,7.560
7,297,Diego Churquina,Paula Pandol,,,,,,7.950,7.500,7.500,7.500,7.400,,,,,,6.850,7.700,7.400,7.850,7.900,7.555
8,208,Juan Fernando Cabral,Laura Castiñeiras,,,,,,7.700,7.150,7.280,7.400,7.500,,,,,,7.500,7.800,7.300,7.950,7.950,7.553
9,89,Leonel Herrera,Magali Tokian,,,,,,7.900,7.300,6.950,7.500,7.500,,,,,,7.700,7.400,7.350,7.950,7.750,7.530
10,253,Franco Lus,Bruna Lavaroni,,,,,,7.950,6.750,7.100,7.700,7.800,,,,,,7.000,7.800,7.400,7.950,7.800,7.525
11,424,Lucas Gauto,Naima Gerasopoulou,8.000,8.000,7.650,6.400,7.100,,,,,,7.800,7.690,7.900,7.700,7.000,,,,,,7.524
12,328,Diego Pichimil,Marina Millalen,,,,,,7.900,7.350,7.700,7.150,7.400,,,,,,6.900,7.600,7.400,7.850,7.950,7.520
13,302,Diego Converti,Graciela Gamba,,,,,,7.700,7.100,7.500,7.500,7.550,,,,,,6.900,7.850,7.500,7.900,7.600,7.510
14,145,Gennysam Alcantara,Li Li Tan,,,,,,7.850,7.400,7.300,7.350,7.500,,,,,,7.300,7.500,7.200,7.800,7.800,7.500
15,394,Julio Saavedra,Jimena Martinez Berruete,,,,,,7.950,7.300,7.300,7.250,7.000,,,,,,7.250,7.700,7.450,7.600,7.900,7.470
16,383,Juan Cupini,Erica Rossi,,,,,,7.500,6.700,7.200,7.500,7.250,,,,,,7.800,7.700,7.400,7.600,8.000,7.465
17,360,Marcelo Torres,Francisca Alarcon Irrazab,a,,,,,7.900,7.000,7.500,7.500,7.700,,,,,,7.100,7.100,7.300,7.800,7.700,7.460
18,132,Gabriel Esteban Salvi,Carolina Leonardelli,,,,,,7.800,7.100,7.300,7.700,7.500,,,,,,7.300,7.300,7.400,7.600,7.600,7.460
19,385,Wonjun Seol,Hyemi Seo,,,,,,7.900,6.700,7.150,8.000,7.200,,,,,,7.350,7.600,7.200,7.750,7.700,7.455
20,351,Valentin Bobkov,Ekaterina Tsybrova,,,,,,7.900,6.500,7.200,7.400,7.600,,,,,,7.600,7.500,7.500,7.750,7.500,7.445
21,585,Juan David Vargas,Ornella Simonetto,7.600,7.550,7.230,6.010,7.200,,,,,,7.900,7.490,7.900,8.000,7.500,,,,,,7.438
22,586,Cristian Rubén Zalazar,Carla Daniela Espinoza,,,,,,7.900,6.800,7.700,7.100,6.900,,,,,,7.350,7.400,7.300,7.950,7.700,7.410
23,56,Miguel García,Sandra Martínez,,,,,,7.850,6.500,7.500,6.950,7.650,,,,,,7.300,7.500,7.250,7.650,7.900,7.405
24,284,Matías Cabezuelo,Nicole Mazza,,,,,,7.950,6.700,6.950,7.400,7.550,,,,,,7.400,7.600,7.300,7.700,7.500,7.405
25,264,Alberto Re,María Susana Eguaburo,,,,,,7.950,7.650,6.950,7.000,7.400,,,,,,8.000,6.150,7.300,7.800,7.800,7.400
26,477,Diego Ortega,Aldana Silveyra,7.500,6.900,7.700,6.200,7.800,,,,,,7.500,7.300,7.800,7.900,7.400,,,,,,7.400
27,538,Artem Dovbush,Daria Pechatnikova,,,,,,7.850,6.900,6.950,7.300,7.300,,,,,,7.000,7.700,7.300,7.900,7.800,7.400
28,127,Leandro Capparelli,Jeannette Erazú,7.500,7.700,7.480,6.390,7.400,,,,,,7.500,7.470,7.650,7.800,7.000,,,,,,7.389
29,95,Gonzalo Angeles,Nathalia Peña Muñoz,,,,,,7.950,6.700,7.200,7.350,7.250,,,,,,7.100,7.250,7.400,7.800,7.800,7.380
30,568,Raul Pardo,Lucía Curín,,,,,,7.950,7.600,7.600,6.900,7.250,,,,,,7.000,7.000,7.150,7.650,7.700,7.380
31,60,Ariel Manzanares,Aldana Belen Figueroa,7.400,7.650,7.200,6.350,7.300,,,,,,7.800,7.480,7.700,7.100,7.800,,,,,,7.378
32,323,Gustavo Fabián Ippolito,Rosana Lujan Porres,,,,,,7.900,7.450,7.700,7.000,7.550,,,,,,6.850,6.700,7.400,7.500,7.700,7.375
33,144,Alejandro Quaglia,Lucia Barrios,,,,,,7.700,6.850,7.300,7.800,7.000,,,,,,7.150,7.500,7.500,7.150,7.800,7.375
34,281,Sebastián Fernandez,Mara Oviedo,7.400,7.200,7.650,5.990,7.480,,,,,,8.000,7.450,7.650,7.700,7.200,,,,,,7.372
35,501,Cristian Correa,Amanda Marques,,,,,,7.300,7.150,7.050,7.300,7.500,,,,,,7.300,7.500,7.500,7.150,7.950,7.370
36,599,Juan Seliman,Natasha Arapé,,,,,,7.600,7.000,7.150,7.000,7.200,,,,,,7.200,7.300,7.400,7.900,7.850,7.360
37,390,Stiwar Calle,Luisa Calle,7.500,7.500,7.250,6.390,7.000,,,,,,7.800,7.470,7.650,7.500,7.500,,,,,,7.356
38,292,Matias Ivan Persico,valentina ramirez,,,,,,7.250,6.700,6.900,7.100,7.350,,,,,,7.100,7.650,7.600,7.900,8.000,7.355
39,257,Alejandro Berón,Kelly Lettieri,,,,,,7.500,6.900,7.280,7.150,7.150,,,,,,7.200,7.600,7.200,7.850,7.700,7.353
40,446,Facundo Berrios Valdez,Simin Ogur,,,,,,7.800,7.250,7.500,7.650,7.150,,,,,,7.200,7.200,7.100,7.650,7.000,7.350
41,484,Jorge Lopez,Sandra Naccache,,,,,,7.900,6.750,6.950,7.100,7.400,,,,,,7.300,7.700,7.500,6.900,8.000,7.350
42,256,Joaquin Besga,Katherine Laitón,,,,,,7.250,6.100,7.700,7.750,7.400,,,,,,7.400,7.600,7.600,6.500,8.000,7.330
43,219,Esteban Adrian De Gregorio,Angela Romina Cides,,,,,,7.600,7.000,7.050,7.450,7.600,,,,,,6.850,7.000,7.300,7.950,7.500,7.330
44,431,Agustin Rojas,Victoria Olivella,7.000,7.800,7.400,6.200,7.700,,,,,,7.800,7.450,7.150,8.000,6.800,,,,,,7.330
45,371,Edwin Enrique Espinosa Rod,Alexa Yepes Arboleda,8.000,7.400,7.300,6.290,6.750,,,,,,7.800,7.500,7.250,7.400,7.600,,,,,,7.329
46,64,Lucas Cartagena,Lucila Diaz Colodrero,6.750,7.200,7.180,7.600,6.900,,,,,,7.900,7.380,7.750,6.800,7.800,,,,,,7.326
47,227,Walter Schefer,Micaela Dagnino,,,,,,7.200,7.300,7.600,7.250,7.200,,,,,,7.500,6.600,7.500,7.250,7.850,7.325
48,15,Julio Azorin,Belén Valdez,,,,,,7.400,7.400,7.400,7.320,7.000,,,,,,6.800,7.650,6.800,7.600,7.850,7.322
49,530,Dmitrii Astafev,Sabrina Amuchastegui,,,,,,7.850,7.700,7.200,7.800,7.300,,,,,,7.250,7.000,7.500,6.000,7.600,7.320
50,373,Miguel Angel Quintero,Yanel Pedraza,8.000,7.050,7.200,6.230,7.000,,,,,,7.500,7.480,7.780,7.600,7.250,,,,,,7.309
51,514,Jeyson Ravagli,Vanessa Giraldo,,,,,,7.100,7.200,7.150,7.300,7.400,,,,,,7.100,7.000,7.300,7.750,7.700,7.300
52,86,Evgeny Bykovskiy,Nelli Ganzhela,,,,,,7.500,6.600,7.200,7.250,7.100,,,,,,7.000,7.500,7.200,7.850,7.800,7.300
53,12,Dmitrii Soldatov,Alina Sukretnaia,,,,,,7.300,6.850,6.900,7.000,7.450,,,,,,7.200,7.700,7.200,7.800,7.500,7.290
54,103,Sergio Saucet,Veronica Carina Pascual,,,,,,7.500,6.400,7.200,6.900,7.350,,,,,,6.800,7.800,7.150,7.900,7.900,7.290
55,151,Aldo Romero,Cynthia Giannini Gottlob,,,,,,7.600,7.200,7.500,6.800,7.450,,,,,,6.700,7.600,7.500,6.850,7.700,7.290
56,239,Alejandro Segovia,Ana Isabel Lopera,,,,,,7.800,7.000,7.600,7.150,6.850,,,,,,7.000,7.000,7.100,7.500,7.900,7.290
57,563,Carlos Estigarribia,Marina Alcalde Sainz,7.300,7.300,7.450,6.390,7.000,,,,,,7.200,7.420,7.900,7.300,7.600,,,,,,7.286
58,PAREJA,Nombre y Apellido,Nombre y Apellido,"Jimena
Hoffner",Silvina Valz,"Gaston
Torelli","Martin
Ojeda",Laura Melo,"Graciela
Gonzalez","Aoniken
Quiroga","Paola
Tachetti","Facundo de
la Cruz",Stella Baez,"Agustin
Agnez","Magdalena
Gutierrez",Lucas Paez,"Roberto
Zuccarino",Analia Vega,"Dante
Sanchez",Carlos Stasi,"Mariana
Dragone","Monica
Matera",Noelia Barsi,PROMEDIO
59,404,Emmanuel David Avendaño,Marina Belén Machado Ri,q,,,,,7.600,7.350,7.300,7.700,7.500,,,,,,6.800,6.200,7.500,6.900,8.000,7.285
60,119,Ezequiel Núñez,Haruna Ashizawa,7.300,7.750,7.440,6.490,6.980,,,,,,6.500,7.160,8.000,7.600,7.600,,,,,,7.282
61,57,Luciano Capparelli,Rocio De Los Santos,,,,,,6.900,7.100,6.900,7.000,7.450,,,,,,7.100,7.100,7.300,7.950,8.000,7.280
62,470,Jeremias Fors,Veronica Vazquez,,,,,,7.950,6.600,7.600,7.150,7.300,,,,,,7.300,7.600,7.100,7.150,7.000,7.275
63,263,Emanuel Ledesma,Carolina Couto,7.000,7.700,7.420,6.300,7.200,,,,,,7.200,7.450,7.750,7.500,7.000,,,,,,7.252
64,154,Facundo Barrionuevo,Agustina Juanbelz,7.200,7.050,7.100,6.490,6.980,,,,,,8.000,7.330,7.750,7.600,7.000,,,,,,7.250
65,290,Elio Maximiliano Roldan,Lucia Perotti,,,,,,7.050,6.600,7.500,7.550,7.100,,,,,,6.800,7.300,7.500,7.200,7.900,7.250
66,116,Emilio Banco,Alejandra Jorgelina Herrer,,,,,,7.850,6.150,7.150,7.000,6.950,,,,,,6.950,7.100,7.600,7.900,7.700,7.235
67,342,Kevin Dos Santos,Miriam Gutierrez,,,,,,7.500,6.500,6.750,7.400,7.000,,,,,,7.150,7.500,7.200,7.650,7.700,7.235
68,644,Javier Lobos,Matias Vallejos,,,,,,7.800,6.850,6.800,6.900,7.000,,,,,,7.200,7.900,7.000,7.000,7.900,7.235
69,85,Vitalii Balan,Irina Martynova,,,,,,7.100,7.700,7.200,7.000,7.450,,,,,,6.900,7.600,7.000,7.100,7.200,7.225
70,494,Edison Chaves,Tatiana López,7.000,6.950,7.450,6.370,7.200,,,,,,7.050,7.440,7.650,7.500,7.600,,,,,,7.221
71,182,Yoonchul Hur,Juyoung Jeong,,,,,,7.050,6.100,7.050,7.300,7.350,,,,,,7.200,7.800,7.200,7.850,7.300,7.220
72,539,Mariela Josebachuili,Noelia Frias,,,,,,7.800,6.800,6.600,7.300,7.150,,,,,,7.300,7.300,7.500,7.750,6.700,7.220
73,395,Sebastián Martinez,Ayelen Morando,,,,,,7.850,6.300,6.980,7.100,7.300,,,,,,7.300,7.100,7.500,7.100,7.650,7.218
74,214,Cristian Correa,Miriam Copello,7.300,7.300,7.350,6.050,6.650,,,,,,7.600,7.400,7.750,7.800,6.950,,,,,,7.215
75,250,Vladislav Kurilko,Viktoriia Tsivinskaia,,,,,,7.850,7.000,6.600,6.950,6.950,,,,,,7.000,7.350,7.300,7.650,7.500,7.215
76,413,Grigorios Adamidis,Sofia Chatzipavlou,7.300,7.150,7.220,5.980,6.600,,,,,,7.800,7.310,7.800,7.100,7.800,,,,,,7.206
77,481,Martin Cayesse,Mauge Corna,,,,,,7.050,7.150,7.250,7.400,6.950,,,,,,7.600,7.100,7.200,7.100,7.200,7.200
78,32,Horacio Herrera,Sabrina Ramos Carrasco,,,,,,7.450,6.700,7.300,7.000,7.350,,,,,,6.700,7.700,7.300,6.500,8.000,7.200
79,343,Daniel Peralta,Meiling Wei,,,,,,7.400,7.000,6.900,7.500,7.100,,,,,,6.900,7.500,7.200,7.800,6.700,7.200
80,59,Mario Sergio,Vanessa Jardim,7.300,6.800,7.480,5.950,6.500,,,,,,7.500,7.450,7.800,8.000,7.200,,,,,,7.198
81,529,Csongor Kicsi,Laísa Souza,7.600,7.100,7.050,6.190,7.000,,,,,,7.100,7.380,7.800,7.500,7.200,,,,,,7.192
82,541,Juliano Andrade,Paula Emerick,7.500,7.000,7.200,6.100,7.000,,,,,,7.200,7.250,7.550,7.600,7.500,,,,,,7.190
83,358,Diego Ali Delgado,Tamara Borda,,,,,,7.500,6.700,7.250,7.250,7.000,,,,,,7.400,7.000,7.350,6.900,7.500,7.185
84,362,Lucio Javier Chavez,Nina Pauluzzi,,,,,,6.400,7.500,7.050,7.450,7.450,,,,,,6.700,7.000,6.900,7.900,7.500,7.185
85,459,Facundo Cabral,Mara Navarro,,,,,,6.500,7.000,7.100,7.400,7.100,,,,,,7.400,7.400,7.200,7.100,7.600,7.180
86,102,Ricardo Ariel Albornoz,Daniela Elizabeth Inglese,7.200,7.050,7.460,6.100,6.950,,,,,,7.600,7.470,7.700,7.300,6.950,,,,,,7.178
87,452,Ezequiel Mendoza,Magdalena Myszka,7.000,7.400,7.150,6.200,7.200,,,,,,6.500,7.420,7.690,7.700,7.500,,,,,,7.176
88,359,Luis Alberto Amaya,María Florencia Tellechea,,,,,,7.600,6.800,6.900,6.700,6.800,,,,,,7.000,7.200,7.200,7.950,7.600,7.175
89,244,Joel De La O,Verónica Peinado,,,,,,7.950,7.100,6.950,7.000,7.400,,,,,,6.600,7.350,7.150,7.700,6.500,7.170
90,331,Anahí Carballo,Natalia Fures,,,,,,7.500,6.700,6.900,7.250,7.100,,,,,,6.900,7.350,7.200,7.800,7.000,7.170
91,172,Pedro Ochoa,Lola Ruiz,,,,,,6.900,7.050,7.500,6.850,7.550,,,,,,6.800,7.400,7.100,6.700,7.800,7.165
92,205,Mariano Vazquez,Lulu Qin,,,,,,7.500,6.400,7.200,6.550,7.000,,,,,,7.100,7.400,7.150,7.800,7.500,7.160
93,526,Jonathan Cañete,Magdalena Maria,,,,,,7.150,6.200,6.500,7.100,7.200,,,,,,7.300,7.000,7.400,7.900,7.850,7.160
94,225,Luciano Paulino,Dana Zampieri,7.300,7.100,7.350,6.490,6.750,,,,,,6.800,7.460,7.700,7.400,7.200,,,,,,7.155
95,547,Diana Cortés,Laura Flores,,,,,,7.400,6.800,7.050,6.850,7.500,,,,,,6.500,7.200,7.150,7.100,8.000,7.155
96,618,Pedro Zamin,Florencia Mendez,,,,,,7.050,7.100,7.700,7.250,6.850,,,,,,6.400,6.900,7.400,6.900,8.000,7.155
97,581,Nikita Trofimov,Olga Beituganova,,,,,,6.300,7.000,7.500,7.650,6.900,7.100,6.900,7.650,7.000,7.500,,,,,,7.150
98,377,Raúl Choque,Jorgelina Cohen,7.300,6.950,7.220,6.200,6.700,,,,,,7.600,7.400,7.700,7.300,7.100,,,,,,7.147
99,562,Jakub Grzybek,Patrycja Cisowska-Grzybe,,,,,,7.100,6.700,6.850,7.000,7.450,,,,,,7.000,7.300,7.100,7.050,7.900,7.145
100,327,Tania Gutierrez,Sebastian Avendaño,7.000,7.350,7.090,6.490,7.200,,,,,,7.200,7.190,7.500,7.000,7.400,,,,,,7.142
101,83,Pablo Martínez,Barbara Cecilia Benítez,,,,,,7.900,6.700,7.300,6.900,7.350,,,,,,6.900,7.000,7.150,7.200,7.000,7.140
102,192,Daniel Octavo,Marianna Osorio,,,,,,6.900,6.600,7.300,7.250,7.300,,,,,,7.200,7.500,7.300,6.450,7.600,7.140
103,712,Levan Gomelauri,Cecilia Acosta,,,,,,7.300,6.500,6.800,6.950,6.900,,,,,,6.900,7.200,7.300,7.950,7.600,7.140
104,440,Alejandro Paul Lencina,María Victoria Ramírez Me,6.750,7.500,7.270,6.300,7.200,,,,,,6.500,7.500,7.750,7.500,7.100,,,,,,7.137
105,696,Camila Rocha,Kelvin Cal,7.000,6.400,7.190,5.990,7.150,,,,,,7.800,7.490,7.750,7.300,7.200,,,,,,7.127
106,77,Adrián Luppi,Ana Escobar,7.000,6.950,7.800,6.100,6.400,,,,,,7.800,7.280,7.800,6.900,7.200,,,,,,7.123
107,63,Rommel Oramas,Utha Callen,,,,,,7.200,6.700,6.850,6.800,7.350,,,,,,6.850,7.300,7.300,7.850,7.000,7.120
108,442,Alexander Sossa Benitez,Karina Daluda,6.300,7.200,7.400,6.110,7.000,,,,,,7.500,7.500,7.250,7.700,7.200,,,,,,7.116
109,28,Carlos Alberto Martinez,Patricia Laura Gury,,,,,,7.400,6.400,7.300,6.500,7.150,,,,,,7.150,7.200,7.250,7.300,7.500,7.115
110,397,Federico Borquez,Agostina Cala,,,,,,7.100,6.550,6.950,7.450,6.800,,,,,,6.400,7.600,6.900,7.600,7.800,7.115
111,566,Lucas Carrizo,Paula Tejeda,7.400,7.650,7.480,6.010,6.300,,,,,,5.800,7.600,7.650,7.600,7.600,,,,,,7.109
112,11,Carlos Alberto Lafuente,Maria Ofelia Prado,7.500,6.700,7.140,6.010,6.800,,,,,,7.800,7.380,7.040,7.400,7.300,,,,,,7.107
113,4,Federico Heredia,Nadia Caparrós,,,,,,6.100,6.500,7.600,6.950,7.000,,,,,,6.650,7.800,6.900,7.750,7.800,7.105
114,236,Marcelo Hocquart,Fernanda Valenzuela,,,,,,6.500,6.380,7.150,7.600,6.850,,,,,,7.000,7.000,7.400,7.650,7.500,7.103
115,469,Gerardo Lecich,Silvana Meneses,,,,,,6.950,6.100,7.180,6.950,7.550,,,,,,7.000,7.000,7.200,7.600,7.500,7.103
116,PAREJA,Nombre y Apellido,Nombre y Apellido,"Jimena
Hoffner",Silvina Valz,"Gaston
Torelli","Martin
Ojeda",Laura Melo,"Graciela
Gonzalez","Aoniken
Quiroga","Paola
Tachetti","Facundo de
la Cruz",Stella Baez,"Agustin
Agnez","Magdalena
Gutierrez",Lucas Paez,"Roberto
Zuccarino",Analia Vega,"Dante
Sanchez",Carlos Stasi,"Mariana
Dragone","Monica
Matera",Noelia Barsi,PROMEDIO
117,160,Daniel Elio Avila,Andrea Guassardo,,,,,,7.500,6.750,6.900,6.450,7.450,,,,,,7.000,6.600,7.600,6.850,7.850,7.095
118,588,Emile Gayoso,Ekaterina Malko,,,,,,7.800,6.400,6.700,6.950,7.000,,,,,,7.000,7.200,7.300,7.650,6.900,7.090
119,597,Leonardo Sarazola,Jennifer Orjuela,,,,,,7.850,6.550,7.150,6.900,7.150,,,,,,6.700,7.150,7.100,6.900,7.450,7.090
120,265,Rodrigo Ivan Videla,Marina Teves,7.700,7.500,7.020,6.200,5.900,,,,,,7.700,7.410,7.750,7.200,6.500,,,,,,7.088
121,97,Hernán Ariel Rodriguez,Maria Florencia Labiano,6.250,6.850,7.500,6.210,7.200,,,,,,7.500,7.500,7.450,7.100,7.300,,,,,,7.086
122,130,Maxi Copello,Karu Terenzio,6.800,7.250,7.180,6.180,6.350,,,,,,7.500,7.300,7.700,7.600,7.000,,,,,,7.086
123,524,Arturo Zanetti,Anel Marrón,,,,,,6.300,6.300,7.300,7.350,7.000,,,,,,6.700,7.800,6.500,7.800,7.800,7.085
124,112,Dario Artunduaga,Anastasiia Rudiak,6.200,6.950,7.100,7.000,6.650,,,,,,7.800,7.390,7.650,7.300,6.800,,,,,,7.084
125,111,Oscar Buroz,Mercedes Allerbon,,,,,,6.950,6.550,7.200,7.250,6.700,,,,,,6.900,7.200,7.000,7.750,7.300,7.080
126,594,Hernan Camilo Bernal Varela,Mayi Yulie Yepes Arboleda,6.500,7.250,7.200,6.100,6.800,,,,,,7.100,7.300,7.650,7.700,7.200,,,,,,7.080
127,3,Dario Cieri,Rocio De La Torre,7.000,7.100,7.120,6.120,6.200,,,,,,7.800,7.300,7.650,7.400,7.100,,,,,,7.079
128,608,Konstantin Moshinskiy,Analía Alfaro,7.000,7.050,7.380,5.970,6.300,,,,,,7.200,7.320,7.750,7.400,7.400,,,,,,7.077
129,78,Cristian Mosler,Ornella Lowenberg,,,,,,7.300,6.000,7.050,6.950,6.950,,,,,,6.950,7.500,7.300,7.050,7.700,7.075
130,153,Juan Braida,Natasha Kaliszuk Lee,7.000,7.000,7.250,6.020,7.100,,,,,,7.200,7.400,7.550,7.200,7.000,,,,,,7.072
131,181,Alexander Moncada Rojas,Martina Waldman,7.200,7.850,7.130,6.500,7.200,,,,,,6.500,7.390,7.050,7.100,6.800,,,,,,7.072
132,142,Leandro Ariel Vilche,Fuyuko Yagihashi,,,,,,6.800,7.100,5.950,6.500,7.000,,,,,,7.100,7.800,7.150,7.450,7.850,7.070
133,128,Matteo Antonietti,Ravena Abdyli,6.650,6.900,7.430,5.990,6.600,,,,,,7.500,7.450,7.700,7.100,7.300,,,,,,7.062
134,660,Facundo Arnedo,Ana Barros,7.000,6.700,7.150,5.790,6.600,,,,,,7.800,7.340,7.720,7.500,7.000,,,,,,7.060
135,341,John Fredis Rendón Osorio,Diana Ismary González Ló,6.500,7.500,7.020,6.330,6.950,,,,,,7.100,7.400,7.560,6.800,7.400,,,,,,7.056
136,293,Oscar Guillermo Claure,Martina Bordón,,,,,,7.550,7.300,6.750,6.500,6.750,,,,,,7.100,7.000,7.100,7.800,6.700,7.055
137,633,Gustavo Chaile,Micaela Garcia,7.500,7.600,7.100,5.850,6.150,,,,,,7.500,7.300,7.550,7.000,7.000,,,,,,7.055
138,355,Federico Carrizo,Laura Rojas Larrea,7.000,7.400,7.220,5.900,6.700,,,,,,6.800,7.470,7.040,7.400,7.600,,,,,,7.053
139,288,Walter Alberto Bergalo,Montserrat Ruiz,,,,,,7.500,6.650,6.850,6.950,7.400,,,,,,6.000,6.000,7.500,7.950,7.650,7.045
140,718,Cristian Quevedo,Mariel Quintana Grasso,7,6.4,7.4,6.29,6.3,,,,,,7.6,7.49,7.45,7.2,7.3,,,,,,7.043
141,40,Luis Dirassar,Patricia Vazquez,,,,,,7.5,6.85,6.4,6.95,7.65,,,,,,6.5,7.6,7.2,7.65,6.1,7.040
142,49,Ezequiel Gomez,Jane Lee,,,,,,6.95,7.2,7.05,6.95,6.7,,,,,,6.95,7.6,7.1,7.1,6.8,7.040
143,92,Andrés Rojas,Mayela Aponte,7.000,6.950,7.200,5.900,6.950,,,,,,7.800,7.100,7.500,7.100,6.900,,,,,,7.040
144,596,Vicente Albarengo,Jessica Estigarribia,6.750,7.050,7.110,6.370,6.950,,,,,,6.990,7.410,7.470,7.300,7.000,,,,,,7.040
145,503,Santiago Salazar Botero,Alejandra Ospina Marin,,,,,,6.700,6.750,7.250,7.200,6.800,,,,,,7.350,7.300,7.300,7.050,6.700,7.040
146,46,Jesus Paez,Iara Duarte,7.000,6.800,7.350,6.020,7.000,,,,,,7.500,7.350,7.550,7.600,6.200,,,,,,7.037
147,137,Miguel Santillan,Mailen Oucharick,7.000,6.900,7.300,5.970,6.900,,,,,,6.900,7.390,7.090,7.400,7.500,,,,,,7.035
148,314,Sergei Kurkatov,Ksenia Rubina,8.000,6.900,7.120,5.920,5.810,,,,,,7.800,7.400,7.800,6.800,6.800,,,,,,7.035
149,318,Eduardo César Román,Iara Deluchi,,,,,,7.700,6.450,6.700,7.000,6.850,,,,,,7.200,7.300,7.250,6.900,7.000,7.035
150,21,Luis Emilio Cappelletti,Vittoria Franchina,,,,,,6.700,6.250,6.900,6.900,7.000,,,,,,7.300,7.900,7.150,6.800,7.400,7.030
151,223,Pablo David Altamira,Virginia Cosci,,,,,,6.500,7.000,7.150,7.200,7.300,,,,,,6.500,7.000,7.150,6.800,7.700,7.030
152,559,Elias Martínez,Romina Oropel,,,,,,7.500,6.650,7.150,7.250,6.650,,,,,,6.750,6.300,7.300,7.000,7.750,7.030
153,417,Franco Emanuel Palleiro,Oriana Abril Hereñu,,,,,,6.500,6.200,7.300,6.500,7.250,,,,,,6.800,7.100,7.300,7.650,7.600,7.020
154,415,Aleksei Smirnov,Tatiana Kim,6.400,7.550,7.240,5.800,5.900,,,,,,,,,,,7.000,7.750,7.300,7.800,7.400,7.014
155,191,Diego López Tarazona,Fernanda Cardona Sossa,7.500,7.000,7.000,6.090,6.200,,,,,,6.500,7.460,7.350,7.600,7.400,,,,,,7.010
156,513,Jose Luis Barrios,Marcela Adriana Diaz,,,,,,6.950,7.200,7.100,7.000,7.350,,,,,,6.500,6.200,7.150,7.250,7.400,7.010
157,443,Kevin Valencia,Valentina Villarreal,7.300,6.900,7.080,5.850,6.750,,,,,,7.600,7.190,7.160,7.400,6.850,,,,,,7.008
158,259,Elbio Omar Peralta Reynoso,Liliana Haydee Salinas Pic,7.500,7.100,7.350,6.180,6.600,,,,,,6.800,7.400,6.990,6.700,7.400,,,,,,7.002
159,249,Mauricio Raúl Juárez,Marta Ines Pulenta,7.000,7.500,7.010,6.050,6.350,,,,,,7.600,6.500,7.900,6.900,7.200,,,,,,7.001
160,622,Giovanni,Selena,6.700,7.000,7.220,6.050,6.800,,,,,,7.300,7.190,7.750,7.000,7.000,,,,,,7.001
161,432,Jesús Taborda,Rocio Sanchez,7.000,7.250,7.450,6.020,6.000,7.400,6.630,7.050,7.750,7.400,,,,,,,,,,,6.995
162,593,Matias Rivas,Romina Elizabeth Cordon,e 7.300,6.850,7.130,6.000,6.600,,,,,,7.500,7.500,7.110,7.000,6.950,,,,,,6.994
163,441,Enzo Galarza,Agustina Ramilo,,,,,,7.750,6.400,7.180,6.800,6.700,,,,,,6.350,7.000,7.500,7.300,6.950,6.993
164,429,Jhonathan Giraldo,Suly Pachón,,,,,,5.950,6.150,7.200,7.100,7.100,,,,,,6.700,7.500,7.200,7.700,7.300,6.990
165,368,Navir Salas Morales,Monica Sant'Anna Furtado,,,,,,7.100,6.850,7.600,6.650,7.400,,,,,,5.700,6.900,7.400,6.500,7.800,6.990
166,94,Leandro Angel O'Connell,Marisol Barroso,,,,,,6.950,6.800,7.500,6.000,6.800,,,,,,7.000,7.300,6.900,7.100,7.500,6.985
167,262,Santiago Marolo,Naomi Gonzalez,6.400,7.100,7.110,6.370,7.400,,,,,,7.050,7.260,7.050,6.800,7.300,,,,,,6.984
168,540,Carlos Santos David,Mirella Santos David,6.750,6.950,7.050,6.020,6.700,,,,,,6.300,7.370,7.500,7.600,7.600,,,,,,6.984
169,200,Marcos Zapata Fuentes,Martha Alejandra Soria Tin,,,,,,7.300,6.500,6.500,7.000,6.800,,,,,,6.200,7.400,7.000,7.750,7.300,6.975
170,384,Dmitriy Kuznetsov,Olga Nikolaeva,7.000,7.000,7.150,6.010,6.400,,,,,,6.850,7.190,7.450,7.500,7.200,,,,,,6.975
171,285,Adrien Bariki Alaoui,Iro Davlanti Lo,7.000,6.700,7.050,5.750,6.200,,,,,,7.700,7.490,7.750,7.200,6.900,,,,,,6.974
172,419,Marcelo Sassi,Ines Correa,7.000,7.450,7.170,6.080,5.950,,,,,,7.200,7.350,6.900,6.900,7.700,,,,,,6.970
173,155,Lautaro Peyrelongue,Yasmina Baileche,7.400,6.800,7.180,6.190,6.200,,,,,,6.700,7.200,7.720,7.400,6.900,,,,,,6.969
174,299,Wamber Sarazola,Julia Cayo,,,,,,7.200,6.350,6.800,7.000,7.000,,,,,,6.950,7.000,7.200,6.500,7.600,6.960
175,PAREJA,Nombre y Apellido,Nombre y Apellido,"Jimena
Hoffner",Silvina Valz,"Gaston
Torelli","Martin
Ojeda",Laura Melo,"Graciela
Gonzalez","Aoniken
Quiroga","Paola
Tachetti","Facundo de
la Cruz",Stella Baez,"Agustin
Agnez","Magdalena
Gutierrez",Lucas Paez,"Roberto
Zuccarino",Analia Vega,"Dante
Sanchez",Carlos Stasi,"Mariana
Dragone","Monica
Matera",Noelia Barsi,PROMEDIO
176,434,Andres Bravo,Marianella Michaud,7.000,5.800,7.180,6.090,6.400,,,,,,7.600,7.580,7.650,7.000,7.300,,,,,,6.960
177,491,Roberto Pankow,Silvia Barba,,,,,,7.300,6.350,7.200,5.300,7.200,,,,,,6.950,7.500,7.200,7.350,7.200,6.955
178,73,Andrey Prokopov,Olga Dunaeva,7.000,5.700,7.300,6.090,6.000,,,,,,7.800,7.430,7.700,7.300,7.200,,,,,,6.952
179,546,Yecid Murillo Quiroga,Micaela Marin,6.750,6.950,7.110,5.950,7.000,,,,,,7.100,7.460,7.170,6.900,7.100,,,,,,6.949
180,666,Artem Luchin,Polina Luchina,6.500,7.150,7.390,6.030,6.650,,,,,,6.200,7.000,7.650,7.600,7.300,,,,,,6.947
181,465,Ramiro Perez Caricchio,Eva Laura Madar,6.400,6.800,7.200,5.990,6.400,,,,,,7.300,7.270,7.500,7.200,7.400,,,,,,6.946
182,20,Schubert Mendez,Adriana Ceretta,,,,,,7.800,6.200,7.300,6.700,7.250,,,,,,6.800,6.600,6.800,7.000,6.950,6.940
183,254,Branndon Cardenas,Susana Ortiz,6.400,6.650,7.250,5.900,6.850,,,,,,6.900,7.310,7.550,7.400,7.150,,,,,,6.936
184,16,Waldemar Guillermo Sasso,Myriam Del Valle Gamiete,a 7.000,7.650,7.000,5.950,6.150,,,,,,7.500,6.850,7.250,6.600,7.400,,,,,,6.935
185,294,Germán Prieto,Melina Paola Garcia,,,,,,7.500,6.500,7.400,6.850,7.000,,,,,,6.650,6.100,7.200,7.200,6.950,6.935
186,171,Ali Ekber Kaya,Angie Hernandez,,,,,,6.800,6.850,6.200,6.800,6.800,,,,,,7.150,7.100,7.100,6.950,7.500,6.925
187,389,Federico Antonio Frete,Laura Ayelen Grimaldi,,,,,,7.100,7.000,7.050,7.400,7.000,,,,,,6.700,6.100,7.500,6.300,7.000,6.915
188,527,Lidia Alejandra Soria,Luis Alberto Rojas,7.000,7.300,6.250,6.140,6.100,,,,,,6.900,7.460,7.200,7.500,7.300,,,,,,6.915
189,573,Otto Ignacio Honeker,Dilyara Safina,,,,,,6.700,6.500,7.050,6.650,7.100,,,,,,6.950,7.200,7.150,6.800,7.000,6.910
190,396,Nicolas Crededio,Galina Kostusheva,6.200,7.200,6.770,6.250,6.500,,,,,,7.200,7.320,7.210,7.100,7.300,,,,,,6.905
191,454,Horacio Aspiroz,Sandra Luisa Curiel,7.500,7.050,7.180,5.970,6.380,,,,,,7.500,7.230,7.110,6.300,6.800,,,,,,6.902
192,496,buda rodriguez,Mora Idil Ceyhan,7.000,7.150,7.240,5.900,6.050,,,,,,6.900,7.500,7.170,7.300,6.750,,,,,,6.896
193,34,Sergio Sottile,Erica Law,,,,,,7.100,6.350,6.700,6.000,7.100,,,,,,7.000,7.000,7.100,7.750,6.850,6.895
194,571,Raúl Ehijo,Ximena Santana,6.400,7.050,7.070,6.090,6.150,,,,,,7.500,7.460,7.400,7.000,6.800,,,,,,6.892
195,542,Mariano Serrudo,Sophie Louise Cellarius,6.400,6.950,7.150,6.010,6.700,,,,,,7.100,7.290,7.400,6.900,7.000,,,,,,6.890
196,107,Diego Ariel Butiler,Erika Urrutia Onel,6.200,7.050,7.300,5.990,6.950,,,,,,6.900,7.200,6.990,7.000,7.300,,,,,,6.888
197,534,Juan Maria Tachi Ponce,Gabriela Gómez,6.400,6.900,7.050,6.010,6.950,,,,,,6.800,7.250,7.110,7.400,7.000,,,,,,6.887
198,99,Marcos Carabajal,Ana Neil,7.000,6.950,7.180,5.990,6.980,,,,,,6.500,7.150,7.700,6.200,7.200,,,,,,6.885
199,628,Saúl Peña,Gisela Soledad Perez,,,,,,6.800,6.000,6.600,6.500,6.900,,,,,,6.800,7.800,7.100,6.850,7.500,6.885
200,197,Yumar Zambrano,Laura Guardia,6.200,6.000,7.400,5.870,6.430,,,,,,7.500,7.300,7.300,7.000,7.800,,,,,,6.880
201,498,Bastien Bollón Duret,Agustina Giuliani,,,,,,6.800,6.500,7.050,6.900,7.150,,,,,,6.250,7.200,6.900,6.550,7.500,6.880
202,406,Darío Falco,Lilian Domínguez,,,,,,7.100,6.350,6.500,6.500,6.900,,,,,,6.800,6.600,7.150,7.750,7.100,6.875
203,433,Edgardo Patita Palleyro,María Rosa Corsisky,,,,,,7.300,6.900,7.100,6.500,7.250,,,,,,6.800,7.100,7.300,6.200,6.300,6.875
204,651,Mario Gavito,Agustina Morbiducci,,,,,,6.700,6.950,6.750,6.900,7.000,,,,,,6.800,7.400,7.300,6.850,6.100,6.875
205,701,Yelena Odintsova,David Chartoriski,7.200,5.900,7.300,6.190,6.300,,,,,,,,,,,6.900,7.100,7.150,7.100,7.600,6.874
206,51,Javier Borlicher,Anabella Linzalata Raso,6.500,7.000,7.250,5.980,6.920,,,,,,7.300,7.350,6.220,6.800,7.400,,,,,,6.872
207,162,Oscar Alberto Garcia,Daniela Silvina Severo,6.750,7.250,7.050,6.050,5.950,,,,,,7.500,7.200,7.210,6.900,6.800,,,,,,6.866
208,340,Alexandr Frolov,Mariia Frolova,6.500,7.100,7.180,6.110,6.700,,,,,,7.200,6.850,7.010,7.000,7.000,,,,,,6.865
209,497,Cristian Plantera,Carla Minteguiaga,6.750,6.800,7.150,5.830,6.300,,,,,,7.100,7.200,7.300,6.800,7.400,,,,,,6.863
210,439,Ricardo Facundo Argañaraz,Siulhy Santander,,,,,,6.850,6.150,7.300,7.000,6.900,,,,,,6.300,5.700,7.500,7.100,7.800,6.860
211,72,Adriel Bournissen,María Soledad Mallo,6.750,5.790,7.350,6.390,6.550,,,,,,7.100,7.320,7.250,7.100,7.000,,,,,,6.860
212,101,Juan Pablo Jaramillo Cataño,Augusto Giraldo Villa,7.000,6.700,7.110,6.010,6.600,,,,,,6.100,7.320,7.350,7.000,7.400,,,,,,6.859
213,303,Carlos Flores,Marcia Martinucci,6.400,6.200,7.180,6.000,6.700,,,,,,6.900,7.330,7.450,7.200,7.200,,,,,,6.856
214,62,Javier Condori,Florencia Stefania Yebara,,,,,,6.500,6.300,7.100,6.300,6.000,,,,,,6.400,7.400,7.500,7.750,7.300,6.855
215,270,Enrique Mario Peralta,Vanesa Paula Amnini,,,,,,6.950,6.500,6.850,6.000,6.950,,,,,,6.400,7.600,7.150,7.150,7.000,6.855
216,512,Esteban Velazquez,Janet Segovia,,,,,,7.400,6.600,6.950,7.330,6.950,,,,,,6.700,6.000,7.000,6.100,7.500,6.853
217,79,Luis Angel Rojas,Ida Camelia Siljedal,6.400,7.000,7.180,6.170,6.050,,,,,,6.800,7.360,7.250,7.400,6.900,,,,,,6.851
218,190,Jared Ramos,Rocio Selesán,6.550,7.100,7.000,5.910,5.900,,,,,,7.500,7.440,7.330,6.600,7.100,,,,,,6.843
219,363,Emanuel Dos Reis,Nadina Balaguer,6.600,6.950,7.190,6.050,6.450,,,,,,6.500,7.310,7.050,7.000,7.300,,,,,,6.840
220,315,Armando Benitez,Seudy Villasanti,6.500,7.100,6.000,6.360,7.000,,,,,,7.050,7.440,7.050,6.600,7.300,,,,,,6.840
221,27,Juan Ignacio Etcheverry,Veronica Bachini,6.000,6.700,7.150,6.030,6.500,,,,,,7.800,7.100,7.150,7.000,6.950,,,,,,6.838
222,31,Juan Carlos Esposito,Norma Esther Martinez,7.000,6.900,7.110,6.200,6.450,,,,,,7.800,7.380,6.020,6.600,6.900,,,,,,6.836
223,48,Ruben Bourgeois,Elisa Vidal,7.200,6.800,7.100,6.090,6.600,,,,,,7.700,7.150,6.710,6.400,6.600,,,,,,6.835
224,129,Damian Márquez Veron,Natalia Casanova,6.500,5.400,7.070,6.290,7.100,,,,,,7.100,7.480,7.300,6.700,7.400,,,,,,6.834
225,193,Marco Nodari,Julieta Victoria Alao,,,,,,5.200,6.500,5.900,7.600,6.900,,,,,,7.800,7.300,7.200,6.100,7.800,6.830
226,509,Fabian Francisco Rodriguez,Eliana Gisela Mola,,,,,,6.900,6.250,6.500,6.950,6.900,,,,,,6.900,7.000,7.150,6.950,6.800,6.830
227,5,Fernando Decampos,Debora Ambrosano,6.400,6.550,7.130,6.100,6.500,,,,,,6.500,7.380,7.800,6.800,7.100,,,,,,6.826
228,180,Michael Bizquiazzo,Natalia Pintos,,,,,,7.100,6.800,6.400,6.900,6.750,,,,,,6.700,6.200,7.200,6.900,7.300,6.825
229,521,Nahuel Medina,Agustina Dos Santos,,,,,,6.500,6.800,7.050,6.900,6.900,,,,,,6.200,7.000,7.100,6.700,7.100,6.825
230,437,Jerry Perez,Christine Marie Lopez,6.750,6.700,7.140,5.890,6.000,,,,,,6.800,7.430,7.320,6.800,7.400,,,,,,6.823
231,626,Jorge Padilla,Ana Zoraida Gomez,6.200,6.850,6.900,5.900,6.300,,,,,,6.800,7.300,7.250,7.400,7.300,,,,,,6.820
232,185,Artem Topolian,Candela Nuño,7.000,5.800,7.100,6.080,6.650,,,,,,7.100,6.850,6.990,7.400,7.200,,,,,,6.817
233,308,Sebastian Motter,Aurora Chadoin,,,,,,6.700,6.650,6.900,7.600,7.100,,,,,,6.700,6.600,6.400,6.500,7.000,6.815
234,PAREJA,Nombre y Apellido,Nombre y Apellido,"Jimena
Hoffner",Silvina Valz,"Gaston
Torelli","Martin
Ojeda",Laura Melo,"Graciela
Gonzalez","Aoniken
Quiroga","Paola
Tachetti","Facundo de
la Cruz",Stella Baez,"Agustin
Agnez","Magdalena
Gutierrez",Lucas Paez,"Roberto
Zuccarino",Analia Vega,"Dante
Sanchez",Carlos Stasi,"Mariana
Dragone","Monica
Matera",Noelia Barsi,PROMEDIO
235,324,Carlos Galván,Claudia Narvaez,,,,,,7.500,5.900,7.050,6.300,6.850,,,,,,6.800,6.200,7.150,7.400,7.000,6.815
236,392,Ariel Fridman,Alejandra Zanotta,6.250,7.400,6.530,6.250,6.450,,,,,,7.100,7.370,7.050,6.100,7.600,,,,,,6.810
237,369,Iván Franco,Selena Zini,6.200,5.600,6.900,6.000,6.400,,,,,,7.800,7.490,7.650,7.500,6.500,,,,,,6.804
238,23,Abdullah Citil,Dilara Oz,,,,,,5.500,5.600,7.150,7.150,6.700,,,,,,6.800,7.100,7.000,7.500,7.500,6.800
239,334,Muller Dantas,Yasmina Mamana,6.300,6.800,7.100,5.920,6.400,,,,,,6.700,7.380,6.900,7.500,7.000,,,,,,6.800
240,589,Froyamel Corro,Magdalena Benitez,6.500,6.200,7.180,6.850,6.150,,,,,,6.600,7.250,7.070,6.800,7.400,,,,,,6.800
241,204,Edgard Llanos,Florencia Agopian,,,,,,7.500,5.850,7.050,6.600,6.950,,,,,,6.700,6.400,6.800,7.100,7.000,6.795
242,224,Martin Dante Mateu,Eliana Sol Traversa,7.000,5.800,7.120,5.750,6.350,,,,,,7.050,7.380,7.600,7.300,6.600,,,,,,6.795
243,330,Endre Szeghalmi,Andrea Serban,6.750,5.850,7.130,6.010,6.450,,,,,,7.100,7.430,7.310,6.900,7.000,,,,,,6.793
244,421,Jony Longoni,Raquel Muñoz,6.200,7.000,6.780,6.200,6.200,,,,,,6.800,7.470,6.750,7.000,7.500,,,,,,6.790
245,416,Mateus Tardivo,Driely Silva,6.200,6.900,7.180,5.950,6.100,,,,,,6.900,7.350,6.850,7.500,6.950,,,,,,6.788
246,420,Ezequiel Ristenpart,Ana Franco,6.250,7.150,7.190,6.280,6.500,,,,,,6.900,7.180,6.650,6.500,7.200,,,,,,6.780
247,75,Denis Ballarin,Xia Li,6.200,6.950,7.180,5.870,6.450,,,,,,6.900,7.330,6.990,6.400,7.500,,,,,,6.777
248,504,Ariel Giordanengo,Valentina Belizan,6.300,6.500,7.060,5.890,6.550,,,,,,7.100,7.320,7.100,6.800,7.150,,,,,,6.777
249,714,Horacio Sepulveda,Yesica Saavedra,6.300,7.000,6.390,6.170,6.300,,,,,,7.600,7.200,7.110,6.800,6.900,,,,,,6.777
250,570,Joshua Benítez,Beatriz Peralta,6.000,7.000,7.080,5.900,6.400,,,,,,6.900,7.460,7.120,6.800,7.100,,,,,,6.776
251,636,Agustin Gutierrez,Sofia Diaz,7.000,6.000,6.630,6.280,6.500,,,,,,7.500,6.800,7.350,6.500,7.200,,,,,,6.776
252,312,Felix Bon,Angela Sarmiento,7.000,6.150,7.130,5.810,6.000,,,,,,7.500,7.300,7.150,6.500,7.200,,,,,,6.774
253,291,Francisco Coria,Yael Nahir,6.350,7.100,7.190,5.850,6.500,,,,,,6.500,7.470,6.900,7.100,6.700,,,,,,6.766
254,6,Richard Herrera,Patricia Vargas,6.500,7.300,7.000,5.950,5.700,,,,,,7.100,7.400,6.750,7.000,6.950,,,,,,6.765
255,375,Leonardo Beltran,Soledad Maidana,6.400,6.900,7.150,5.980,5.950,,,,,,7.100,7.180,7.390,6.800,6.800,,,,,,6.765
256,505,Emmanuel Iaccino,Gabriela Garcia Ramirez,,,,,,6.500,6.350,6.300,7.550,6.700,,,,,,6.500,6.600,7.200,6.200,7.750,6.765
257,617,Laureano Alvarez Bava,Carito Sastre,6.250,6.950,7.050,6.280,6.200,,,,,,6.500,7.290,7.090,6.900,7.100,,,,,,6.761
258,76,Gonzalo Robín,Natalia Brest,6.500,7.050,7.050,5.690,5.900,,,,,,6.900,7.400,6.880,6.900,7.300,,,,,,6.757
259,165,Matias Gualtieri,Cecilia Segado,,,,,,6.300,6.150,6.300,6.400,7.000,,,,,,6.500,7.700,7.200,7.000,7.000,6.755
260,170,Gaston Ezequiel Boccardo A,gPaola Soledad Diaz,,,,,,6.150,6.500,6.950,7.250,6.600,,,,,,7.000,7.100,6.500,7.000,6.500,6.755
261,634,Andres Felipe Gonzalez Ball,eSara Gómez Quiroz,7.200,6.300,7.050,5.770,6.100,,,,,,6.800,7.300,7.010,7.200,6.800,,,,,,6.753
262,82,Diego Alba,Karen Diaz,7.000,7.050,7.010,6.090,6.050,,,,,,6.900,6.870,6.750,6.700,7.100,,,,,,6.752
263,247,Luis Eduardo Peñafiel Chang,Laurence Martin,,,,,,6.100,6.000,6.600,5.900,6.900,,,,,,6.400,6.900,7.200,7.850,7.650,6.750
264,401,Marcos Morinigo,Marcela Subelza,6.000,6.400,7.250,5.800,6.700,,,,,,6.500,7.340,7.080,6.900,7.500,,,,,,6.747
265,357,Pablo Lavadenz,Erika Claros,,,,,,5.700,7.100,6.200,6.600,6.800,,,,,,6.700,7.500,6.800,7.100,6.950,6.745
266,316,Javier Pereyra,Fernanda Carrizo,6.000,6.900,6.970,6.170,6.400,,,,,,6.950,7.300,6.550,6.800,7.400,,,,,,6.744
267,456,Luis Gutiérrez,Yanina Villagra,6.500,7.200,7.230,5.990,5.900,,,,,,6.300,7.370,7.650,7.100,6.200,,,,,,6.744
268,309,Favio Marquez Dos Santos,Valeria Rocio Dabruzzo,6.400,6.000,6.510,6.050,6.950,,,,,,7.100,7.450,7.150,6.700,7.100,,,,,,6.741
269,14,Javier Omar Santillan,Gladys Rivero,7.000,6.100,7.200,6.100,6.500,,,,,,7.100,6.950,7.150,6.500,6.800,,,,,,6.740
270,255,Cristian Aguilera,Ayelen Fernandez,,,,,,6.300,6.500,6.500,6.400,7.450,,,,,,6.750,6.900,7.250,6.400,6.900,6.735
271,719,Sergio Pineda,Estefania Ohse Perez,,,,,,6.400,6.750,6.400,7.600,6.800,,,,,,6.100,7.000,6.300,6.600,7.400,6.735
272,471,David Fernando Miranda Oso,Marielle Cecilia San Martin,6.250,6.750,7.170,6.190,6.150,,,,,,7.200,7.250,6.480,6.700,7.200,,,,,,6.734
273,38,Omar Mendoza,Eva Falxa,6.750,6.650,7.300,5.950,6.300,,,,,,6.900,7.300,6.890,6.000,7.300,,,,,,6.734
274,19,Diego Bulz,Yuka Kitajima,6.000,6.700,6.900,5.700,6.100,,,,,,7.100,7.280,7.550,6.900,7.100,,,,,,6.733
275,374,Fabricio Rosales,Eliana Villarruel,6.500,6.500,7.350,5.780,6.950,,,,,,6.100,7.300,7.180,6.300,7.300,,,,,,6.726
276,222,Claudio Cortes-Miranda,Hoi Shan Leung,6.700,6.500,6.920,6.090,6.000,,,,,,7.750,7.200,6.800,6.500,6.800,,,,,,6.726
277,623,Rodrigo Hernan Saucedo,Wendy Hsiao Wang,6.500,6.700,7.000,6.190,5.600,,,,,,7.100,7.220,7.100,6.900,6.900,,,,,,6.721
278,418,Maximiliano Almeyra,Yamila Daniela Herlein,6.400,7.200,6.400,5.870,7.100,,,,,,6.500,7.060,6.780,6.300,7.600,,,,,,6.721
279,147,Claudio Bethular,Karina Rey,,,,,,7.100,6.800,6.300,6.000,7.250,,,,,,6.300,6.900,7.000,6.500,7.000,6.715
280,349,Lucas Emanuel Nuñez,Victoria Anabel Alvarenga,,,,,,5.900,6.800,7.100,5.300,6.700,,,,,,6.750,6.600,7.300,7.700,7.000,6.715
281,104,Alan Madrigal,Laura Del Águila,6.300,6.900,6.950,5.830,5.950,,,,,,6.300,6.800,7.250,7.600,7.200,,,,,,6.708
282,472,Renildo Nunes,Janes Silva,6.400,6.850,7.900,5.830,5.850,,,,,,6.900,6.480,7.650,6.600,6.600,,,,,,6.706
283,317,Koji Hirai,Naoko Hirai,,,,,,6.500,6.650,6.900,6.550,7.200,,,,,,7.100,6.700,6.900,6.050,6.500,6.705
284,163,Pamela Camia,Maximiliano Vega,6.000,6.750,7.080,5.910,6.950,,,,,,6.900,7.200,6.550,6.900,6.800,,,,,,6.704
285,117,Humberto Morales,Claudia Sanese,7.400,6.550,7.200,5.800,6.400,,,,,,7.600,7.220,5.100,6.900,6.800,,,,,,6.697
286,7,Julio Mariño,Valeria Correa Garcia,6.300,6.200,7.000,6.200,6.550,,,,,,6.900,7.100,7.210,6.900,6.500,,,,,,6.686
287,361,Christian Vega,Victoria Sotomayor,6.200,6.850,7.070,6.010,5.900,,,,,,6.500,7.250,6.990,6.900,7.150,,,,,,6.682
288,569,Carlos Severo Chamorro For,Dámaris Elizabeth Aveiro,6.100,6.200,6.950,5.990,5.800,,,,,,7.800,7.400,7.550,5.800,7.200,,,,,,6.679
289,329,Marcos Nahuel Monzón,Belen Romay,6.300,5.850,7.100,5.930,6.350,,,,,,7.200,7.350,7.000,6.800,6.900,,,,,,6.678
290,178,Ezequiel Martínez,Mathilde Erhard,6.000,6.650,7.100,5.850,6.200,,,,,,7.700,7.200,7.450,5.900,6.600,,,,,,6.665
291,499,Vinicius Osterne,Alexandra Gabriela Ferná,n,,,,,7.100,6.600,6.900,6.800,6.700,,,,,,6.750,6.200,6.200,6.450,6.950,6.665
292,552,Adrian Osuna,Romina Marisa Puccio,6.400,6.000,6.960,5.890,5.950,,,,,,7.100,6.900,7.620,7.200,6.600,,,,,,6.662
293,PAREJA,Nombre y Apellido,Nombre y Apellido,"Jimena
Hoffner",Silvina Valz,"Gaston
Torelli","Martin
Ojeda",Laura Melo,"Graciela
Gonzalez","Aoniken
Quiroga","Paola
Tachetti","Facundo de
la Cruz",Stella Baez,"Agustin
Agnez","Magdalena
Gutierrez",Lucas Paez,"Roberto
Zuccarino",Analia Vega,"Dante
Sanchez",Carlos Stasi,"Mariana
Dragone","Monica
Matera",Noelia Barsi,PROMEDIO
294,43,Gualberto Salvador Cuevas,Nancy Beatriz Cisneros,,,,,,6.900,6.000,7.050,5.800,7.000,,,,,,6.450,7.500,6.900,5.600,7.400,6.660
295,115,Victor Francia,Ginette Sanchez,,,,,,6.300,6.100,6.500,5.500,6.900,,,,,,6.400,7.150,7.500,7.650,6.600,6.660
296,149,Luz Elena de jurado,Sebastián Monsalve,6.300,6.400,7.180,5.790,5.950,,,,,,7.050,6.900,7.310,6.600,7.100,,,,,,6.658
297,152,Francisco Zeni,Giulia Del Porro,6.300,6.800,7.020,5.910,5.900,,,,,,6.500,7.500,7.050,7.000,6.600,,,,,,6.658
298,650,Victor Martin Gonzalez,Natali Claveriz,6.000,6.150,7.180,6.030,7.250,,,,,,6.100,7.050,7.100,6.500,7.200,,,,,,6.656
299,69,Jianhua Cheng,Gesi Tao,,,,,,6.400,5.900,6.800,6.300,7.250,,,,,,6.100,7.700,7.150,6.150,6.800,6.655
300,370,Matías Fuentealba,Valentina Medina,6.000,6.000,7.100,5.990,5.950,,,,,,7.200,7.310,7.300,6.800,6.900,,,,,,6.655
301,295,Jose Valverde,Ana Maria Quibrera,,,,,,6.900,5.380,6.400,5.900,7.300,,,,,,6.800,6.200,7.100,7.150,7.400,6.653
302,13,Mariano Sassano,Vira Baranovska Andrigo,6.300,6.050,7.060,5.970,6.100,,,,,,6.500,7.300,7.150,7.000,7.100,,,,,,6.653
303,519,Jose Ignacio Scabino,Soledad Vera,,,,,,6.500,6.200,5.900,6.950,6.700,,,,,,6.400,7.300,7.150,6.400,7.000,6.650
304,550,Cristian Adrian Lezcano,Elisabet Bertotti,,,,,,6.900,5.900,6.150,6.150,6.700,,,,,,6.600,7.300,6.900,6.900,7.000,6.650
305,658,Jorge Alberto Azorin,Andrea Mariana La Regin,a,,,,,6.900,6.700,6.800,6.850,6.800,,,,,,6.200,6.700,6.150,6.400,7.000,6.650
306,430,Enzo Julian Somoza,Suyai Serpa,6.000,6.900,6.170,6.100,6.000,,,,,,7.100,6.870,7.450,6.900,7.000,,,,,,6.649
307,138,Adrian Pluchinotta,Vivian Lugones,6.500,6.900,6.850,6.150,6.200,,,,,,7.500,7.000,6.180,5.600,7.600,,,,,,6.648
308,710,Mikhail Bubis,Anna Paschinskaya,6.300,6.750,7.070,6.110,5.800,,,,,,6.200,7.000,7.100,6.900,7.200,,,,,,6.643
309,283,Martin Ezequiel Iarussi,Maria Belén Cordoba,6.500,7.150,7.100,5.950,5.900,,,,,,6.500,6.980,7.550,6.200,6.600,,,,,,6.643
310,605,Thomas Patrick,Cynthia Arroyo,6.200,6.350,7.000,5.900,6.000,,,,,,6.900,7.270,6.990,6.400,7.400,,,,,,6.641
311,139,Hector Tobar,Yael Toporowicz,6.200,6.800,6.590,6.000,6.200,,,,,,6.900,7.100,6.810,6.700,7.100,,,,,,6.640
312,335,Valentin Perez,Sofia Carbajal,,,,,,7.050,6.500,7.500,6.800,6.750,,,,,,6.500,5.500,6.800,6.200,6.800,6.640
313,495,Leonardo Córdoba,Maria Lescano,6.000,6.950,7.030,6.050,6.150,,,,,,7.500,7.000,6.100,6.500,7.100,,,,,,6.638
314,134,Raúl Moure,Antonela Méndez,6.200,6.000,7.290,5.990,5.900,,,,,,7.100,7.290,7.090,6.900,6.600,,,,,,6.636
315,266,Kotaro Neshi,Ayaka Neshi,6.250,7.200,6.030,6.060,6.950,,,,,,6.950,6.900,7.100,6.100,6.800,,,,,,6.634
316,656,Nestor Acosta,Liliana Diaz Iribarne,7.000,5.750,7.050,6.010,6.400,,,,,,7.900,6.980,6.850,6.100,6.300,,,,,,6.634
317,462,Alejandro Javier Astuena,Gabriela Lorena Ocaño C,a 6.500,6.600,7.200,5.770,6.200,,,,,,6.100,6.950,7.210,6.800,7.000,,,,,,6.633
318,518,Leonardo Durso,Martha Giorgi,6.300,5.700,7.180,5.850,6.480,,,,,,6.800,7.100,7.220,6.800,6.900,,,,,,6.633
319,196,Rafael D'Amici,Glenda Ghetti,,,,,,6.950,6.600,6.300,6.500,7.200,,,,,,6.200,6.200,6.900,6.450,6.900,6.620
320,209,Federico Votti,Elisabet Lordi,,,,,,6.300,6.350,6.600,7.150,6.950,,,,,,6.100,6.250,6.700,6.150,7.600,6.615
321,305,Fermin Pablo Sarasa,Maria Del Rosario Pera,,,,,,6.400,6.100,6.500,6.500,6.000,,,,,,6.750,6.700,7.300,6.600,7.300,6.615
322,346,Javier Villa,Vanina Perepelizin,,,,,,6.100,5.700,6.750,6.500,6.750,,,,,,6.300,7.600,6.900,6.600,6.900,6.610
323,213,Hugo Mingo,Elsa Salguero,,,,,,6.500,6.150,6.900,5.200,6.900,,,,,,6.350,6.800,7.000,6.400,7.900,6.610
324,388,Ramón González,Stephanie Berard,,,,,,6.800,6.300,6.200,6.000,6.750,,,,,,6.300,6.800,7.000,6.900,7.000,6.605
325,601,Gabriel Tolaba,Yanina Ceballo Hoyos,6.200,5.800,7.000,5.790,5.700,,,,,,7.800,6.900,6.900,7.300,6.600,,,,,,6.599
326,332,Leandro Nicanoff,Mirta Noemi Vallejos,6.300,6.800,6.500,5.910,5.500,,,,,,7.050,7.150,6.450,6.800,7.500,,,,,,6.596
327,453,Horacio Lobo,Evelyn Jacqueline Chavez,6.300,6.200,7.280,5.970,6.250,,,,,,6.800,6.980,7.350,5.900,6.900,,,,,,6.593
328,55,Alexis Ariel Velasquez,Sakurako Maeda,6.200,7.050,7.030,5.890,5.900,,,,,,6.200,7.300,6.600,6.500,7.200,,,,,,6.587
329,278,Damián Virga,Lee Angelica Litas,6.000,6.900,6.630,5.650,6.900,,,,,,6.500,7.090,6.800,6.200,7.200,,,,,,6.587
330,567,Jose Falcón,Susana Haydee Andrada,6.400,7.100,7.040,6.310,5.550,,,,,,7.200,7.300,6.560,6.300,6.100,,,,,,6.586
331,492,Manuel Cordero,Daiana Ortellado,,,,,,6.300,6.250,6.800,6.100,6.750,,,,,,6.800,6.100,6.900,7.950,5.900,6.585
332,664,Sandro Almiron,Fang Hou,,,,,,6.500,6.400,6.200,6.800,7.000,,,,,,6.200,6.300,7.150,6.500,6.800,6.585
333,29,Leonel Mauro Rodolfo Gerez,Laura Antonella Del Valle,A 6.500,5.500,5.950,5.950,7.000,,,,,,7.100,6.880,6.900,6.900,7.150,,,,,,6.583
334,381,Esteban Tripailao,Natalia Mora,6.100,7.150,6.910,5.810,6.200,,,,,,6.200,6.900,6.950,6.800,6.800,,,,,,6.582
335,352,Ferit Emin Kepsut,Daniela Pachame,6.200,6.400,6.700,6.010,5.850,,,,,,6.900,7.350,7.090,6.300,7.000,,,,,,6.580
336,407,Mauro Muñoz,Andrea Escalante,,,,,,6.400,6.400,6.200,6.650,7.000,,,,,,6.000,6.700,6.600,7.800,6.000,6.575
337,561,Rodrigo Molo,Joshna Sarabia,,,,,,5.600,6.500,6.100,6.300,6.400,,,,,,6.900,7.400,7.150,6.700,6.700,6.575
338,81,Julio Solari,Ani Fernandez,6.500,6.950,6.670,5.780,5.650,,,,,,6.900,7.210,6.650,6.600,6.800,,,,,,6.571
339,557,Franco Gonzalez Piriz,Natalia Grossi,6.200,6.500,7.060,5.790,6.050,,,,,,6.200,7.200,7.110,6.900,6.700,,,,,,6.571
340,9,Martin Vazquez,Romina Silva Barni,,,,,,5.200,5.700,7.100,6.300,6.800,,,,,,6.300,7.500,6.900,6.950,6.950,6.570
341,245,Salvador Saggese,Cristina Saggese,,,,,,5.200,5.300,7.100,6.000,6.900,,,,,,7.100,7.200,7.000,7.350,6.500,6.565
342,455,Cesar Gramajo Flores,Laura Quintero,5.750,6.950,7.200,5.690,6.650,,,,,,6.200,7.000,6.500,6.700,7.000,,,,,,6.564
343,289,Angel Maggi,Sandra Flippo,6.500,5.700,7.150,6.190,6.150,,,,,,6.500,7.250,6.900,6.200,7.000,,,,,,6.554
344,372,Aldo Fuentes,Ada Romero,,,,,,7.200,6.200,6.950,6.800,6.900,,,,,,6.900,6.100,7.300,5.100,6.000,6.545
345,516,Gustavo Imperial,Jessica Ramos,6.400,5.900,7.000,6.010,5.700,,,,,,7.100,7.260,7.150,6.000,6.900,,,,,,6.542
346,525,Fabián Alexis Enrique,Iris Noelia García,6.000,5.900,7.000,5.950,6.200,,,,,,7.500,7.150,7.110,6.100,6.500,,,,,,6.541
347,110,Oscar Zurita,Angelina Cartagena,7.000,5.850,7.000,5.870,6.300,,,,,,6.800,6.500,6.070,6.800,7.200,,,,,,6.539
348,186,Grzegorz Kałmuczak,Dominika Jasik,6.300,5.900,7.280,5.850,5.980,,,,,,6.900,7.200,7.350,6.400,6.200,,,,,,6.536
349,544,Mario Correa,Virginia Ramos,,,,,,5.950,6.600,6.500,6.500,6.600,,,,,,6.600,6.800,6.900,6.900,6.000,6.535
350,272,Joao Peres,Paula Trigueiro,,,,,,6.800,5.500,6.200,6.900,6.900,,,,,,6.100,7.200,6.900,6.900,5.900,6.530
351,647,Darío Joaquín Rodas,Sofia Martines,,,,,,6.100,6.450,6.300,6.900,6.600,,,,,,6.300,6.000,6.600,6.700,7.300,6.525
352,PAREJA,Nombre y Apellido,Nombre y Apellido,"Jimena
Hoffner",Silvina Valz,"Gaston
Torelli","Martin
Ojeda",Laura Melo,"Graciela
Gonzalez","Aoniken
Quiroga","Paola
Tachetti","Facundo de
la Cruz",Stella Baez,"Agustin
Agnez","Magdalena
Gutierrez",Lucas Paez,"Roberto
Zuccarino",Analia Vega,"Dante
Sanchez",Carlos Stasi,"Mariana
Dragone","Monica
Matera",Noelia Barsi,PROMEDIO
353,53,Gonzalo Arcenio Rodriguez,GYoseli Rocio Narvaez Arru,6.000,5.800,6.610,6.010,6.100,,,,,,7.500,7.200,6.350,6.900,6.700,,,,,,6.517
354,612,Lucas Dinzelbacher,Gabriela Cuervo,6.200,6.900,6.850,5.950,5.850,,,,,,7.200,7.000,6.200,6.400,6.600,,,,,,6.515
355,287,Sergio Daniel Maragliano,Alejandra Silvia Aguirre,,,,,,6.500,5.900,6.500,6.300,6.900,,,,,,6.800,6.800,6.400,6.200,6.800,6.510
356,10,Santiago Suárez,Casandra Estefano,6.300,5.850,7.080,5.870,5.800,,,,,,7.100,7.300,6.110,6.300,7.300,,,,,,6.501
357,576,Yorvany Ibarra Moreno,Andres Olaya,6.300,6.950,7.030,5.730,5.850,,,,,,6.500,6.900,6.750,6.800,6.200,,,,,,6.501
358,321,Dimitrios Galanakis,Ana Karina Conejeros Cor,6.000,6.450,7.110,5.750,5.950,,,,,,6.100,6.860,6.900,7.000,6.850,,,,,,6.497
359,411,Dancy Andrades,Salvador Rubio,6.200,6.750,7.120,5.720,5.500,,,,,,6.990,6.980,6.100,6.600,7.000,,,,,,6.496
360,47,Leandro Pérez,Ester Muñoz,,,,,,6.950,6.500,6.300,6.450,7.350,,,,,,6.200,6.150,6.500,6.150,6.400,6.495
361,216,Guillermo Martinez,Gisela Mora,5.750,6.050,6.950,5.890,6.100,,,,,,7.050,7.160,6.750,6.400,6.850,,,,,,6.495
362,380,Daniel Morena,Veronika Kruta,,,,,,6.100,6.500,6.750,6.550,7.000,,,,,,6.650,6.000,7.200,5.500,6.700,6.495
363,523,Facundo Oliva,Valeria Del Valle Castro,6.500,6.750,6.250,6.300,6.000,,,,,,6.100,7.200,7.050,5.900,6.900,,,,,,6.495
364,457,Luis Canseco,Victoria Villalba,6.500,7.000,5.730,6.210,6.000,,,,,,6.600,7.000,6.990,6.000,6.900,,,,,,6.493
365,71,Yakut Castanedo Zayas,Annika Sarv,5.750,5.900,7.000,5.710,6.050,,,,,,6.950,7.500,6.900,6.800,6.300,,,,,,6.486
366,478,Ricardo Alvarado,Noelia Ivaskovic,,,,,,6.900,5.850,5.950,6.200,6.600,,,,,,5.700,7.200,7.000,6.900,6.500,6.480
367,365,Jose Maria Coria,Kristina Soboleva,6.000,5.950,6.730,5.800,5.900,,,,,,6.500,7.100,6.950,6.900,6.950,,,,,,6.478
368,105,Lucio Martin Borgnino,Juliana Castoldi,6.000,6.300,7.030,5.770,5.800,,,,,,6.900,6.850,6.920,6.700,6.500,,,,,,6.477
369,260,Eliana Ibañez,Luis Eduardo Lobatto,6.400,6.650,7.070,5.900,6.000,,,,,,6.100,7.100,7.050,6.900,5.600,,,,,,6.477
370,347,Luismar De Avanco,Ursula Avanço,6.000,7.000,6.400,5.750,5.850,,,,,,6.900,7.320,6.850,6.100,6.600,,,,,,6.477
371,1,Juan Marcelo Ortiz,Silvia Susana Sánchez,,,,,,5.900,6.000,6.100,5.900,6.850,,,,,,6.100,6.800,7.000,7.600,6.500,6.475
372,720,Jane Chen,Jones Chien,,,,,,6.300,6.400,6.400,6.450,6.950,,,,,,6.200,5.600,6.500,6.900,7.000,6.470
373,218,Matteo Faricciotti,Michela Toro,,,,,,5.500,5.500,7.050,6.000,7.000,,,,,,6.300,7.000,7.200,6.500,6.600,6.465
374,42,Dilceu Rosa,María Rodríguez,6.500,6.400,7.060,5.650,6.100,,,,,,6.150,6.800,7.050,5.700,7.200,,,,,,6.461
375,98,Carlos Concha,Luz Gajardo,6.200,5.700,7.000,5.890,5.900,,,,,,6.600,6.900,6.500,6.900,7.000,,,,,,6.459
376,84,Ramiro Nahuel Gil Martirez,Judith Valeria Almirón,6.000,6.500,6.750,5.970,6.450,,,,,,5.200,7.190,7.120,6.300,7.100,,,,,,6.458
377,625,Rubén Dario Malaver,Zaída Battaglia,,,,,,7.050,6.200,6.300,6.100,7.000,,,,,,6.000,5.500,6.300,6.800,7.300,6.455
378,447,Marcelo Delgado,Pali Delgado,6.400,6.000,7.000,5.950,6.750,,,,,,5.500,7.100,7.110,6.300,6.400,,,,,,6.451
379,65,Manoj Unni,Shreya Shah,6.000,6.700,7.080,5.430,5.900,,,,,,6.800,6.840,7.100,6.100,6.500,,,,,,6.445
380,584,Ricardo Romero,Yolanda Bustamante,,,,,,6.500,5.600,6.000,7.300,6.300,,,,,,6.250,6.000,6.900,6.900,6.700,6.445
381,267,Simon Marcelo Tebele,Valentina Danilova,,,,,,5.500,6.100,6.800,6.650,6.700,6.050,6.800,6.910,6.100,6.800,,,,,,6.441
382,399,Facundo Corvalán,Laura Garay,,,,,,6.100,6.200,6.300,6.000,6.900,,,,,,6.300,5.800,7.100,6.800,6.900,6.440
383,711,Juan Horacio Macedo,Tatiana Viotti Puppo,6.100,7.300,6.800,5.810,5.700,,,,,,6.500,6.990,6.400,6.100,6.700,,,,,,6.440
384,18,Gonzalo Emanuel Pratti,Evangelina Ostoich,6.300,5.700,7.000,5.800,6.700,,,,,,6.100,6.950,7.120,6.400,6.300,,,,,,6.437
385,167,Charli Adamini,Maria Belén Iglesias,5.500,6.750,6.850,5.910,5.800,,,,,,6.200,6.700,6.990,6.700,6.950,,,,,,6.435
386,199,Atto Numpaque,Adriana Ba Mazzotta,6.000,5.900,6.600,5.850,6.400,,,,,,6.200,6.800,6.990,6.700,6.900,,,,,,6.434
387,175,Marcelo Adrian Corrales,Rita Silvia Fijo,6.300,5.950,6.650,5.840,5.750,,,,,,6.800,6.960,6.820,6.400,6.850,,,,,,6.432
388,592,Yuko Kosako,Miho Nagoya,6.000,6.850,6.600,6.030,5.500,,,,,,7.100,6.930,6.900,6.200,6.200,,,,,,6.431
389,379,Osvaldo Daniel Dávalos,Silvana Alejandra Marzan,o,,,,,6.900,6.600,5.800,6.500,6.900,,,,,,6.300,6.200,6.100,6.000,7.000,6.430
390,174,Carlos Roberto Ayala,Caterine Heberzatas Lima,,,,,,6.900,6.500,6.100,6.950,6.800,,,,,,6.100,6.100,6.300,6.000,6.500,6.425
391,549,Emanuel Pomilio,Micaela Soledad Alvarez,6.300,5.700,6.800,5.730,5.750,,,,,,6.500,7.150,7.100,6.300,6.850,,,,,,6.418
392,96,Andreino Possenti,Stefania Sonzogni,5.500,6.400,7.130,5.600,5.850,,,,,,6.300,7.380,6.990,6.100,6.900,,,,,,6.415
393,645,Jorge Albornoz,Carolina Artola,,,,,,6.100,6.000,6.500,6.750,7.000,,,,,,6.300,5.900,6.150,6.750,6.700,6.415
394,187,Mario Mendez,Carina Giulietti,,,,,,6.600,6.100,6.150,6.730,7.000,,,,,,6.950,5.800,6.150,6.600,6.000,6.408
395,533,Mariano Cutrera,Lourdes Lana Foresto,5.500,5.350,7.000,5.890,6.800,,,,,,6.800,7.190,6.150,6.300,7.100,,,,,,6.408
396,136,Pablo Andrade,Valeria Montes,6.000,6.000,7.120,5.890,6.450,,,,,,5.200,7.100,7.100,6.300,6.900,,,,,,6.406
397,217,Jorge Rey,Luz Guevara,6.000,6.400,7.000,5.800,6.200,,,,,,6.050,6.800,6.310,6.700,6.800,,,,,,6.406
398,26,Leo Park,Dulce Lee,6.000,5.700,7.000,5.560,5.800,,,,,,6.200,7.300,6.250,6.800,7.400,,,,,,6.401
399,234,Mauri Rodriguez,Anna Häkli,,,,,,5.200,5.400,7.250,6.000,6.800,,,,,,6.250,6.800,7.100,6.200,7.000,6.400
400,148,Arturo Scotti,María Del Rosario De Lag,o,,,,,7.050,5.650,5.800,6.500,6.350,,,,,,6.300,6.200,7.200,5.900,7.000,6.395
401,606,Sol Perez,Inés Otero,6.300,6.450,7.170,5.770,6.700,,,,,,5.300,6.670,6.790,6.200,6.600,,,,,,6.395
402,146,Bruno Berttacchini,Maite Alegre,,,,,,5.400,5.700,6.400,5.500,6.400,,,,,,5.800,7.100,6.900,6.900,7.700,6.380
403,296,Santiago Gabriel Maidana,Yamila Alejandra Ramirez,5.750,5.900,7.060,5.780,5.950,,,,,,6.200,6.900,6.800,6.500,6.950,,,,,,6.379
404,221,Esteban Emmanuel Jofre,Luciana Moroni,,,,,,5.400,6.100,6.500,6.000,6.700,,,,,,6.250,6.800,6.900,6.100,7.000,6.375
405,229,Lucas Calvo,Melina Geloz,5.750,6.650,6.630,5.800,5.600,,,,,,6.900,6.900,6.110,6.500,6.900,,,,,,6.374
406,286,Pablo Brunetti,Mariela Calquin,5.750,5.750,6.900,5.800,6.000,,,,,,6.200,7.000,7.110,6.700,6.400,,,,,,6.361
407,366,Jon Martin,Judy Margolis,5.500,6.800,6.000,6.100,5.400,,,,,,7.100,7.000,6.990,6.500,6.200,,,,,,6.359
408,120,Angel Cassini,Agostina Binci,6.000,5.400,7.150,5.710,6.200,,,,,,7.500,6.700,6.800,5.500,6.600,,,,,,6.356
409,215,Sergio Rivadeneira,Amanda Pavanetto,6.200,5.600,6.800,5.730,6.000,,,,,,6.200,6.350,6.990,6.700,6.900,,,,,,6.347
410,166,Kaito Toyoshima,Yasuko Kobayashi,6.000,5.800,7.010,5.700,5.950,,,,,,6.100,6.700,6.900,6.500,6.800,,,,,,6.346
411,PAREJA,Nombre y Apellido,Nombre y Apellido,"Jimena
Hoffner",Silvina Valz,"Gaston
Torelli","Martin
Ojeda",Laura Melo,"Graciela
Gonzalez","Aoniken
Quiroga","Paola
Tachetti","Facundo de
la Cruz",Stella Baez,"Agustin
Agnez","Magdalena
Gutierrez",Lucas Paez,"Roberto
Zuccarino",Analia Vega,"Dante
Sanchez",Carlos Stasi,"Mariana
Dragone","Monica
Matera",Noelia Barsi,PROMEDIO
412,113,Fernando Aranda Martinez,Yachiyo Kurokawa,6.300,5.750,7.060,5.830,6.200,,,,,,6.600,6.700,6.080,6.300,6.500,,,,,,6.332
413,565,Justo Jose Velez,Nancy Angelica Romero,5.500,5.800,6.910,6.150,6.200,,,,,,7.100,6.820,6.440,5.800,6.600,,,,,,6.332
414,555,Leonardo Bedoya,Lissette Vanegas,,,,,,6.300,6.300,6.600,6.000,6.750,,,,,,6.000,5.600,6.050,6.200,7.500,6.330
415,58,Ezequiel Cabrera,María Itati Lara Artigas,5.750,5.400,7.000,5.900,6.750,,,,,,5.500,6.950,7.210,5.700,7.100,,,,,,6.326
416,611,Eduardo Alberto Barranco,teresita Barrera,5.400,5.700,6.610,5.810,5.500,,,,,,7.300,7.120,6.120,6.500,7.200,,,,,,6.326
417,336,Eduardo Enrique Dueñas,Gladys Rosa Garnica,,,,,,6.800,5.320,6.700,6.000,6.600,,,,,,6.700,7.000,7.200,5.050,5.800,6.317
418,220,Gerardo Sculsky,Mariana Alvarado,6.200,6.700,6.100,5.610,5.500,,,,,,6.900,6.750,6.210,6.300,6.900,,,,,,6.317
419,87,Cristian Carlos Espejo,Nadia Estefanía Doyen,,,,,,6.600,5.600,5.300,6.300,6.100,,,,,,6.350,6.100,7.000,7.000,6.800,6.315
420,273,Horacio Tolosa,Brenda Holtz,,,,,,5.500,6.000,6.050,7.100,6.100,,,,,,6.500,6.500,6.400,6.700,6.300,6.315
421,41,Horacio Bistagnino,Norma Alegre,6.000,5.900,6.700,5.950,5.900,,,,,,7.100,6.400,6.950,5.800,6.400,,,,,,6.310
422,654,Axel Winter,Sofia Gardella,,,,,,5.400,5.500,6.700,6.500,6.900,,,,,,6.200,6.600,6.400,6.400,6.500,6.310
423,353,Alex Amaya,Nadia Fuentes,,,,,,6.200,6.150,6.100,6.550,6.700,,,,,,5.800,6.100,6.400,6.100,6.950,6.305
424,183,Benjamín Grisoni,Camille Serre,6.000,6.150,7.250,6.000,6.200,,,,,,5.500,6.650,6.900,5.500,6.900,,,,,,6.305
425,473,Yoshiko Tsutsumi,Lucas Martin,,,,,,5.500,5.700,6.300,6.350,6.700,,,,,,6.500,6.800,6.900,5.500,6.800,6.305
426,638,Mariano Martin Ochoa,Kristiane Ewart,5.750,5.800,6.850,5.810,6.200,,,,,,6.100,6.850,6.980,5.800,6.900,,,,,,6.304
427,511,Javier Muñoz,Maria Florencia Del Manz,o 5.500,6.500,7.100,5.730,5.980,,,,,,7.200,6.700,6.200,5.600,6.500,,,,,,6.301
428,320,Pedro Gabriel Abregu,Maria Alejandra Gonzalez,,,,,,6.100,5.900,5.900,6.000,6.500,,,,,,6.800,5.700,6.300,7.000,6.800,6.300
429,188,Eric Ramon Moreira,Rahma Sellami,5.750,5.900,6.000,5.870,5.800,,,,,,6.500,7.300,6.990,6.500,6.200,,,,,,6.281
430,202,Juan Gehrkue,Monica Bustos,,,,,,6.500,5.280,6.250,5.300,6.700,,,,,,5.700,6.300,6.800,7.150,6.800,6.278
431,30,Guillermo Blando,Lynn Ho,,,,,,5.300,6.300,6.100,5.500,6.700,,,,,,6.000,6.700,7.150,6.000,7.000,6.275
432,189,Gabriel Alejandro Pichún,Susana Noemi Merino Cis,,,,,,5.300,5.600,6.300,5.900,6.100,,,,,,6.300,7.800,6.800,6.150,6.500,6.275
433,537,German Limousin,Liliia Ivanovskaia,6.300,5.850,6.650,5.720,6.000,,,,,,6.100,6.800,6.910,5.800,6.600,,,,,,6.273
434,717,Alexis Borocci,Marcela Mazzucco,6.200,5.950,6.500,5.750,6.150,,,,,,6.100,6.890,6.770,5.600,6.800,,,,,,6.271
435,106,Omar Garufa Sanchez,Mirti Caballero,5.400,5.700,6.000,6.120,6.300,,,,,,6.900,6.750,6.330,6.400,6.700,,,,,,6.260
436,414,Myeong Seok Kim,Sooyeon Lee,6.300,5.600,7.080,5.770,5.650,,,,,,6.200,7.200,6.900,6.600,5.250,,,,,,6.255
437,468,Ryan Ezequiel Vergara,Erika Liliana Cardozo Iaco,,,,,,5.900,6.100,5.900,6.480,6.600,,,,,,5.800,6.100,6.700,6.450,6.500,6.253
438,508,Christian Lescano Murakawa,Hidemi Murakawa,6.500,6.800,5.370,5.640,5.650,,,,,,6.300,6.850,6.300,6.300,6.800,,,,,,6.251
439,195,Marcelo Corbera,Leticia Silva,5.400,5.600,7.000,6.390,5.400,,,,,,6.900,6.950,6.660,6.200,6.000,,,,,,6.250
440,258,Daniel Nowak,Andrea Nowak,,,,,,5.400,5.700,7.500,5.900,6.750,,,,,,6.250,6.000,7.000,5.550,6.400,6.245
441,143,Gabriel Moises Pérez,Yoko Kurakawa,,,,,,5.300,6.100,6.100,6.000,6.700,,,,,,6.700,6.600,6.900,5.500,6.500,6.240
442,169,Alfredo Alegre,Emma Fabiana Justo,,,,,,6.050,5.900,6.150,6.200,6.750,,,,,,5.700,6.200,7.100,5.850,6.500,6.240
443,198,Alexandre Maurel,Alejandra Giraldo,6.200,6.000,6.340,5.610,5.400,,,,,,6.700,7.100,6.300,6.700,6.000,,,,,,6.235
444,68,Vasily Tunegov,Elena Nepriakhina,5.500,5.750,6.970,5.700,6.100,,,,,,5.300,6.800,6.450,6.300,7.400,,,,,,6.227
445,490,Martín León Skulski,Carla Ferreyra,5.300,7.200,6.430,5.770,5.700,,,,,,6.100,7.090,6.100,5.900,6.600,,,,,,6.219
446,579,Augusto Magnaghi,Luana Albeniz,,,,,,5.800,6.050,6.050,6.330,6.650,,,,,,5.500,6.000,6.700,6.100,7.000,6.218
447,184,David Alarcon,Laura Marin,5.750,6.100,6.150,5.700,5.850,,,,,,5.900,7.000,6.310,6.200,7.200,,,,,,6.216
448,648,Ezequiel Mercado,Dalma Fernandez,,,,,,5.300,5.700,6.150,5.500,6.050,,,,,,6.900,7.000,6.900,6.050,6.600,6.215
449,310,caly Kwasnik,Laura Raposso,6.000,5.700,6.900,5.800,6.000,,,,,,5.200,6.970,6.550,6.100,6.900,,,,,,6.212
450,230,Juan Marcelo Espinosa,María Sol Alonso,5.750,5.900,7.000,5.780,5.950,,,,,,6.200,6.750,6.900,5.400,6.400,,,,,,6.203
451,575,Juan Camilo Maldonado Vele,Ana María Granados Zapa,6.200,5.950,6.500,5.720,5.850,,,,,,6.100,7.100,6.450,6.200,5.900,,,,,,6.197
452,610,Roberto Cragnolino,Alma Olivera,6.100,5.700,6.820,5.800,5.750,,,,,,6.200,7.190,6.400,5.900,6.100,,,,,,6.196
453,449,Angel Manuel Martin,Yurie Mikami,5.500,5.500,6.900,5.630,5.750,,,,,,6.900,6.800,6.160,6.500,6.200,,,,,,6.184
454,482,Mario Jose Guliano,Monica Cristina Baca,5.500,5.700,6.880,6.300,5.400,,,,,,6.500,6.800,6.010,5.900,6.850,,,,,,6.184
455,603,Alejandro Borrelli,Analia Julieta Garofani,5.500,5.800,7.130,5.790,5.850,,,,,,6.500,6.500,6.350,6.500,5.900,,,,,,6.182
456,621,Emiliano Martin Frasso,Silvana Sandra Sallese,6.250,5.600,5.700,5.810,5.900,,,,,,6.200,7.050,6.050,6.300,6.900,,,,,,6.176
457,348,Eduardo Pérez Pardo,Johanna Guevara Pérez,5.750,6.000,6.920,5.750,5.700,,,,,,5.400,6.300,6.400,6.600,6.900,,,,,,6.172
458,274,Manuel Ubaldo Juarez,Blanca Ester Arias,6.400,6.900,6.670,5.830,5.800,,,,,,5.900,5.320,6.990,5.700,6.200,,,,,,6.171
459,425,Pablo Carrasco,Maria Rapacini,6.300,5.800,7.000,5.810,5.700,,,,,,5.100,6.200,7.150,6.400,6.200,,,,,,6.166
460,237,Sebastian Exler,Claudia Morbello,6.000,5.900,6.500,5.600,6.250,,,,,,5.100,6.800,6.570,5.900,7.000,,,,,,6.162
461,131,Rubén Dorado Sànchez-Cas,tJosefa Palazón Palazón,6.200,5.500,6.000,5.810,5.900,,,,,,5.600,6.700,6.900,6.800,6.100,,,,,,6.151
462,333,Marco Antônio Fortunato,Janaina De Andrade Evan,,,,,,6.100,5.900,6.100,6.000,5.900,,,,,,5.800,6.600,6.900,5.500,6.600,6.140
463,427,Fernando Zalazar,Carolina Branco,6.000,6.100,6.900,5.800,5.700,,,,,,5.900,6.300,6.900,6.400,5.400,,,,,,6.140
464,125,Eduardo Santos Matos Perei,Denise Consonni,,,,,,6.100,5.700,5.900,5.500,6.750,,,,,,5.700,7.000,6.900,5.500,6.300,6.135
465,211,Carlos Maquieira,Juliana Mociulsky,5.400,5.450,5.810,5.900,5.600,,,,,,6.200,6.720,6.920,6.400,6.900,,,,,,6.130
466,231,Vinay Mascarenhas,Maria Stepanova,6.000,6.400,6.750,5.690,5.950,,,,,,5.200,6.700,6.110,6.100,6.400,,,,,,6.130
467,713,Armando Daniel Avila,Diana Lopez Barrios,,,,,,6.300,6.150,6.200,6.100,6.600,,,,,,5.800,5.500,6.500,6.250,5.900,6.130
468,206,Victor Daniel Conca,Claudia Marcela Brino,6.400,5.500,7.000,5.790,5.850,,,,,,6.300,6.460,5.990,5.700,6.300,,,,,,6.129
469,36,Giyeon Jeong,Susana Carola Bonkosky,,,,,,5.300,6.450,5.500,5.500,6.800,,,,,,5.900,6.200,6.900,6.200,6.500,6.125
470,PAREJA,Nombre y Apellido,Nombre y Apellido,"Jimena
Hoffner",Silvina Valz,"Gaston
Torelli","Martin
Ojeda",Laura Melo,"Graciela
Gonzalez","Aoniken
Quiroga","Paola
Tachetti","Facundo de
la Cruz",Stella Baez,"Agustin
Agnez","Magdalena
Gutierrez",Lucas Paez,"Roberto
Zuccarino",Analia Vega,"Dante
Sanchez",Carlos Stasi,"Mariana
Dragone","Monica
Matera",Noelia Barsi,PROMEDIO
471,400,Carlos Roch,Marcela Medaglia,,,,,,6.200,5.350,5.950,5.500,6.800,,,,,,6.400,6.300,6.900,5.100,6.700,6.120
472,261,Maria Carmen Herrera,Roberto Eugenio Vilte,6.400,6.000,7.070,5.930,5.750,,,,,,5.150,6.230,6.750,5.900,6.000,,,,,,6.118
473,133,Juan Bonanni,Olga Bronin,,,,,,7.400,5.400,5.300,5.200,6.200,,,,,,6.500,6.500,6.500,5.400,6.700,6.110
474,410,Brian Rocca,Nicole Ferreira,,,,,,5.500,5.800,6.100,6.000,6.000,,,,,,6.300,6.400,6.800,5.700,6.500,6.110
475,543,Sebastian Marco,Shina Nancy,6.300,6.700,7.100,5.700,5.650,,,,,,5.100,6.400,6.400,6.100,5.600,,,,,,6.105
476,114,Aldo Benjamin Orrego Cacer,eSalvadora Ramona Lezca,n 6.000,5.700,6.170,5.750,5.400,,,,,,6.100,6.600,6.710,6.000,6.600,,,,,,6.103
477,520,Luan Nassan,Fabiane Midori,5.500,5.600,6.410,5.710,5.600,,,,,,6.200,6.850,6.350,6.400,6.400,,,,,,6.102
478,367,Alejandra Jesus Galván,Mélodi Lopez,6.000,6.200,6.450,5.750,5.400,,,,,,6.800,6.400,6.010,6.000,6.000,,,,,,6.101
479,282,Patricio Defilipis,Akané Ito,5.500,5.700,6.800,5.700,6.150,,,,,,5.900,6.900,6.250,5.900,6.200,,,,,,6.100
480,54,Alan Abraham Haedo,Caren Maitena Cardoso,6.200,5.500,6.130,5.900,5.450,,,,,,5.600,7.100,6.810,5.500,6.800,,,,,,6.099
481,356,Fernando Comuniello,Marcela Cejas,5.750,5.850,6.700,5.810,5.950,,,,,,5.150,6.700,6.310,5.800,6.900,,,,,,6.092
482,140,Lucas Cobatti,Carla Galán,5.500,5.500,6.650,5.700,6.150,,,,,,5.800,6.600,6.800,6.200,6.000,,,,,,6.090
483,476,Lucas Guido Cidade,Masayo Tateno,5.800,5.900,7.000,5.710,5.400,,,,,,5.900,6.700,6.050,6.000,6.400,,,,,,6.086
484,583,Miguel Silva,Anna Gòreva,5.500,5.700,6.630,5.850,5.400,,,,,,6.300,6.700,6.300,5.600,6.800,,,,,,6.078
485,45,Jose Hidalgo,Assa Witkov,5.400,5.500,6.330,5.500,5.450,,,,,,6.600,6.700,6.350,6.100,6.800,,,,,,6.073
486,630,Joaquim Nunes,Clara De Carvalho,5.750,5.850,6.080,5.680,5.500,,,,,,6.500,6.800,6.030,5.800,6.600,,,,,,6.059
487,141,Masahiro Nakane,Rosario Valentína Gómez,5.750,5.600,6.600,5.600,5.550,,,,,,5.900,6.600,6.250,6.200,6.500,,,,,,6.055
488,402,Mario Héctor Mendes Ribeiro,Elsa Diana Ramírez,,,,,,6.800,5.850,6.050,6.200,6.500,,,,,,5.500,5.400,6.200,6.000,6.000,6.050
489,248,Vanesa Judith Ponce,Roberto Gustavo Valdiviez,5.500,5.900,6.120,5.900,5.600,,,,,,5.500,6.800,6.750,5.500,6.900,,,,,,6.047
490,161,Peter Brody,Azul Martinez,5.400,6.100,6.030,5.450,6.200,,,,,,6.500,6.500,6.050,5.400,6.500,,,,,,6.013
491,74,Tiago Junior Fuentealba De,OMara Calabresi,5.400,5.800,6.500,5.770,5.400,,,,,,6.500,6.700,6.050,5.900,6.100,,,,,,6.012
492,179,Josias Mussin,Jacqueline Furlong,5.500,5.750,5.430,5.690,5.800,,,,,,5.900,6.850,6.050,6.200,6.900,,,,,,6.007
493,276,Paulo Bernardo,Mafalda Nunes,5.300,6.500,6.500,5.660,5.400,,,,,,5.900,6.700,6.100,5.400,6.200,,,,,,5.966
494,661,Angelo Giannangeli,Evangelina Amado,,,,,,5.100,5.950,5.800,6.420,6.500,,,,,,5.800,6.000,6.150,5.850,6.000,5.957
495,25,Héctor Julio Juri,María Rosa Cozzi,6.000,5.800,6.700,5.800,5.700,,,,,,5.300,6.330,6.120,5.800,6.000,,,,,,5.955
496,325,Raquel Turraca,Leandro Gauna,,,,,,5.000,5.700,5.900,5.600,6.500,,,,,,5.800,6.100,6.800,5.600,6.500,5.950
497,515,Néstor Fernando Leguizamo,nMaría Virginia Patiño,5.500,5.500,6.600,5.700,5.950,,,,,,5.500,6.600,6.150,5.800,6.200,,,,,,5.950
498,207,Henry Michel Tapia Castillo,Daiana Elizabeth Amorín,5.500,5.800,5.970,5.600,5.600,,,,,,5.500,6.700,6.160,5.900,6.700,,,,,,5.943
499,158,Alberto Oscar Human,Maria Belkis Molina,,,,,,5.700,5.800,6.100,6.600,6.650,,,,,,5.600,5.300,6.150,5.500,6.000,5.940
500,118,Heidi Schoppenhorst,Gorr Frank-Volker,5.750,5.700,6.900,5.790,5.800,,,,,,6.100,6.450,5.900,5.400,5.500,,,,,,5.929
501,157,Nicolás Alberto Alvarado,Liubov Konoreva,5.750,5.500,6.050,5.660,5.300,,,,,,5.900,6.800,6.300,5.900,6.000,,,,,,5.916
502,156,Leonel Cabrera,Milena Luna,5.500,5.500,6.350,5.730,5.950,,,,,,5.500,6.600,6.600,5.500,5.800,,,,,,5.903
503,614,Federico Nicolás Pérez Berz,aAstrea Amerissis Carolina,,,,,,5.600,5.900,5.800,6.480,6.100,,,,,,5.500,5.600,6.500,5.500,6.000,5.898
504,17,Claudio Sobral,Rosangela Gomes,5.500,5.950,6.800,5.700,5.950,,,,,,5.020,6.600,6.050,5.400,6.000,,,,,,5.897
505,210,Laura Wechsung,Eduardo Veliz,,,,,,5.300,5.800,5.800,6.150,6.600,,,,,,5.700,5.200,6.100,6.300,5.950,5.890
506,150,Rodolfo Ariel López,Carina Alejandra Santillán,5.500,5.900,6.100,5.730,5.600,,,,,,5.300,6.100,6.950,5.200,6.500,,,,,,5.888
507,252,María Inés Mac Dermott,Walter Javier Ramirez,,,,,,5.300,5.900,5.900,5.930,6.600,,,,,,5.500,5.500,6.150,6.100,5.900,5.878
508,615,Martin Fabian Ferreyra,Romina Aldana Saibene,5.500,5.900,6.650,5.600,5.850,,,,,,5.100,6.800,6.220,5.200,5.900,,,,,,5.872
509,232,Sebastian Farias,Fatima Skalany,,,,,,5.100,5.900,5.700,5.200,6.400,,,,,,5.500,6.600,6.000,5.900,6.400,5.870
510,164,Juri Viganò,Camila Paola Grigolo,5.750,5.850,6.000,5.610,5.600,,,,,,5.300,5.800,7.100,6.000,5.500,,,,,,5.851
511,600,Adrian Peron,Kyungpyo Park,,,,,,5.200,6.000,5.800,5.300,6.100,,,,,,5.500,5.800,6.300,5.900,6.300,5.820
512,531,Adan Zarate,Monica Rojas,5.500,5.900,6.150,5.700,5.450,,,,,,5.200,5.900,5.900,6.000,6.000,,,,,,5.770
513,461,Marcelo Agustín Fernandez L,Claudia Jael Puppi,5.400,5.700,5.650,5.600,5.500,,,,,,5.950,6.660,6.030,5.500,5.600,,,,,,5.759
514,123,Claudio Beinhacker,Virginia Mesones,,,,,,5.500,5.300,6.200,5.200,6.100,,,,,,5.500,6.150,6.150,5.500,5.950,5.755
515,301,Humberto Morisse,Ariana Delgado,5.500,5.600,6.150,5.650,5.500,,,,,,5.050,6.780,6.050,5.300,5.800,,,,,,5.738
516,300,Norberto Nestor Landerreche,Nida Chalegre,5.500,5.800,6.400,5.800,5.400,,,,,,5.800,5.450,5.900,5.200,5.500,,,,,,5.675
517,298,Adrian Navarro,Janeth Galaz,,,,,,5.100,5.200,5.800,5.200,5.850,,,,,,5.500,6.100,6.800,5.050,5.900,5.650
518,510,Hugo Ferrari,Valentina Santisteban,5.500,5.400,5.350,5.810,5.200,,,,,,5.300,6.600,6.020,5.600,5.500,,,,,,5.628
519,121,Augusto Testa,Maia Duek,5.300,5.600,5.690,5.590,5.300,,,,,,5.200,6.100,5.990,5.300,5.900,,,,,,5.597
520,2,Carlos Giménez,Diana Endstorfer,5.400,5.400,5.400,5.700,5.200,,,,,,5.100,6.650,5.800,5.400,5.600,,,,,,5.565
521,528,Marcos Peralta,Yvonne Emig,5.500,5.600,6.000,5.600,5.500,,,,,,5.200,5.600,5.900,5.400,5.200,,,,,,5.550
522,387,Magdalena Martínez Denis,Jorge Mauricio Grimberg U,,,,,,5.100,5.000,5.300,5.200,5.600,,,,,,5.500,6.700,6.300,5.050,5.300,5.505
523,536,Lucas Disfrutango,Bere Berelo Disfrutango,5.500,5.600,5.800,5.610,5.200,,,,,,5.100,5.400,6.100,5.400,5.200,,,,,,5.491
524,716,mikhail bogdanov,Rebeca Victoria Alonso Co,5.500,5.600,5.800,5.610,5.200,,,,,,5.050,5.500,5.550,5.200,5.100,,,,,,5.411
